ciclo,carrera,tramo_desde,tramo_hasta,resultado,postulantes
2021,ADMINISTRACION DE EMPRESAS,0,10,no_ingresante,1
2021,ADMINISTRACION DE EMPRESAS,40,50,no_ingresante,3
2021,ADMINISTRACION DE EMPRESAS,50,60,ingresante,2
2021,ADMINISTRACION DE EMPRESAS,50,60,no_ingresante,14
2021,ADMINISTRACION DE EMPRESAS,60,70,ingresante,23
2021,ADMINISTRACION DE EMPRESAS,60,70,no_ingresante,49
2021,ADMINISTRACION DE EMPRESAS,70,80,ingresante,60
2021,ADMINISTRACION DE EMPRESAS,70,80,no_ingresante,25
2021,ADMINISTRACION DE EMPRESAS,80,90,ingresante,49
2021,ADMINISTRACION DE EMPRESAS,80,90,no_ingresante,2
2021,ADMINISTRACION DE EMPRESAS,90,100,ingresante,7
2021,ADMINISTRACION DE EMPRESAS,90,100,no_ingresante,1
2021,ADMINISTRACION DE EMPRESAS,100,110,ingresante,2
2021,ADMINISTRACION DE EMPRESAS,110,120,ingresante,2
2021,ADMINISTRACION DE EMPRESAS,120,130,ingresante,1
2021,ADMINISTRACION DE EMPRESAS,150,160,ingresante,1
2021,ADMINISTRACION DE EMPRESAS,160,170,ingresante,7
2021,ADMINISTRACION DE EMPRESAS,170,180,ingresante,5
2021,ADMINISTRACION DE EMPRESAS,180,190,ingresante,4
2021,ADMINISTRACION DE EMPRESAS,190,200,ingresante,1
2021,ADMINISTRACION DE EMPRESAS,200,210,ingresante,2
2021,ADMINISTRACION DE EMPRESAS,210,220,ingresante,2
2021,ADMINISTRACION DE EMPRESAS,220,230,ingresante,3
2021,ADMINISTRACION DE EMPRESAS,230,240,ingresante,2
2021,ADMINISTRACION DE EMPRESAS,260,270,ingresante,1
2021,ARQUITECTURA,10,20,no_ingresante,3
2021,ARQUITECTURA,20,30,no_ingresante,4
2021,ARQUITECTURA,40,50,no_ingresante,2
2021,ARQUITECTURA,50,60,no_ingresante,5
2021,ARQUITECTURA,60,70,ingresante,10
2021,ARQUITECTURA,60,70,no_ingresante,18
2021,ARQUITECTURA,70,80,ingresante,69
2021,ARQUITECTURA,70,80,no_ingresante,13
2021,ARQUITECTURA,80,90,ingresante,35
2021,ARQUITECTURA,80,90,no_ingresante,3
2021,ARQUITECTURA,90,100,ingresante,8
2021,ARQUITECTURA,100,110,ingresante,8
2021,ARQUITECTURA,120,130,ingresante,1
2021,ARQUITECTURA,130,140,ingresante,1
2021,ARQUITECTURA,140,150,ingresante,3
2021,ARQUITECTURA,150,160,ingresante,4
2021,ARQUITECTURA,160,170,ingresante,5
2021,ARQUITECTURA,170,180,ingresante,3
2021,ARQUITECTURA,180,190,ingresante,6
2021,ARQUITECTURA,190,200,ingresante,5
2021,ARQUITECTURA,200,210,ingresante,5
2021,ARQUITECTURA,210,220,ingresante,8
2021,ARQUITECTURA,220,230,ingresante,3
2021,ARQUITECTURA,230,240,ingresante,1
2021,ARQUITECTURA,240,250,ingresante,5
2021,ARQUITECTURA,250,260,ingresante,1
2021,ARQUITECTURA,260,270,ingresante,2
2021,CIENCIA POLITICA Y GOBIERNO,40,50,ingresante,2
2021,CIENCIA POLITICA Y GOBIERNO,50,60,ingresante,1
2021,CIENCIA POLITICA Y GOBIERNO,60,70,ingresante,8
2021,CIENCIA POLITICA Y GOBIERNO,60,70,no_ingresante,7
2021,CIENCIA POLITICA Y GOBIERNO,70,80,ingresante,18
2021,CIENCIA POLITICA Y GOBIERNO,80,90,ingresante,10
2021,CIENCIA POLITICA Y GOBIERNO,90,100,ingresante,1
2021,CIENCIA POLITICA Y GOBIERNO,100,110,ingresante,2
2021,CIENCIA POLITICA Y GOBIERNO,140,150,ingresante,1
2021,CIENCIA POLITICA Y GOBIERNO,170,180,ingresante,1
2021,CIENCIA POLITICA Y GOBIERNO,180,190,ingresante,3
2021,CIENCIA POLITICA Y GOBIERNO,190,200,ingresante,1
2021,CIENCIA POLITICA Y GOBIERNO,230,240,ingresante,1
2021,CIENCIA POLITICA Y GOBIERNO,250,260,ingresante,1
2021,COMUNICACION SOCIAL,40,50,ingresante,1
2021,COMUNICACION SOCIAL,50,60,ingresante,9
2021,COMUNICACION SOCIAL,50,60,no_ingresante,1
2021,COMUNICACION SOCIAL,60,70,ingresante,17
2021,COMUNICACION SOCIAL,60,70,no_ingresante,4
2021,COMUNICACION SOCIAL,70,80,ingresante,38
2021,COMUNICACION SOCIAL,70,80,no_ingresante,2
2021,COMUNICACION SOCIAL,80,90,ingresante,18
2021,COMUNICACION SOCIAL,90,100,ingresante,6
2021,COMUNICACION SOCIAL,100,110,ingresante,3
2021,COMUNICACION SOCIAL,150,160,ingresante,3
2021,COMUNICACION SOCIAL,160,170,ingresante,2
2021,COMUNICACION SOCIAL,170,180,ingresante,2
2021,COMUNICACION SOCIAL,180,190,ingresante,2
2021,COMUNICACION SOCIAL,190,200,ingresante,1
2021,COMUNICACION SOCIAL,200,210,ingresante,3
2021,COMUNICACION SOCIAL,210,220,ingresante,1
2021,CONTABILIDAD,10,20,no_ingresante,1
2021,CONTABILIDAD,40,50,no_ingresante,1
2021,CONTABILIDAD,50,60,ingresante,1
2021,CONTABILIDAD,50,60,no_ingresante,8
2021,CONTABILIDAD,60,70,ingresante,15
2021,CONTABILIDAD,60,70,no_ingresante,31
2021,CONTABILIDAD,70,80,ingresante,31
2021,CONTABILIDAD,70,80,no_ingresante,14
2021,CONTABILIDAD,80,90,ingresante,15
2021,CONTABILIDAD,90,100,ingresante,3
2021,CONTABILIDAD,100,110,ingresante,1
2021,CONTABILIDAD,140,150,ingresante,1
2021,CONTABILIDAD,150,160,ingresante,2
2021,CONTABILIDAD,170,180,ingresante,3
2021,CONTABILIDAD,180,190,ingresante,2
2021,CONTABILIDAD,190,200,ingresante,1
2021,CONTABILIDAD,200,210,ingresante,3
2021,CONTABILIDAD,220,230,ingresante,2
2021,DERECHO,0,10,no_ingresante,4
2021,DERECHO,10,20,no_ingresante,2
2021,DERECHO,20,30,no_ingresante,1
2021,DERECHO,40,50,no_ingresante,1
2021,DERECHO,50,60,no_ingresante,15
2021,DERECHO,60,70,ingresante,11
2021,DERECHO,60,70,no_ingresante,72
2021,DERECHO,70,80,ingresante,96
2021,DERECHO,70,80,no_ingresante,55
2021,DERECHO,80,90,ingresante,84
2021,DERECHO,80,90,no_ingresante,16
2021,DERECHO,90,100,ingresante,27
2021,DERECHO,90,100,no_ingresante,9
2021,DERECHO,100,110,ingresante,3
2021,DERECHO,100,110,no_ingresante,3
2021,DERECHO,110,120,ingresante,3
2021,DERECHO,120,130,ingresante,1
2021,DERECHO,130,140,ingresante,4
2021,DERECHO,140,150,ingresante,3
2021,DERECHO,150,160,ingresante,4
2021,DERECHO,160,170,ingresante,8
2021,DERECHO,170,180,ingresante,12
2021,DERECHO,180,190,ingresante,12
2021,DERECHO,190,200,ingresante,13
2021,DERECHO,200,210,ingresante,11
2021,DERECHO,210,220,ingresante,9
2021,DERECHO,220,230,ingresante,20
2021,DERECHO,230,240,ingresante,6
2021,DERECHO,240,250,ingresante,3
2021,DERECHO,250,260,ingresante,2
2021,EDUCACION INICIAL,60,70,ingresante,4
2021,EDUCACION INICIAL,60,70,no_ingresante,3
2021,EDUCACION INICIAL,70,80,ingresante,9
2021,EDUCACION INICIAL,70,80,no_ingresante,2
2021,EDUCACION INICIAL,80,90,ingresante,6
2021,EDUCACION INICIAL,110,120,ingresante,2
2021,EDUCACION INICIAL,140,150,ingresante,1
2021,EDUCACION INICIAL,190,200,ingresante,2
2021,EDUCACION INICIAL,210,220,ingresante,2
2021,EDUCACION PRIMARIA,60,70,ingresante,2
2021,EDUCACION PRIMARIA,70,80,ingresante,6
2021,EDUCACION PRIMARIA,80,90,ingresante,1
2021,EDUCACION SECUNDARIA,50,60,ingresante,1
2021,EDUCACION SECUNDARIA,50,60,no_ingresante,1
2021,EDUCACION SECUNDARIA,60,70,ingresante,5
2021,EDUCACION SECUNDARIA,60,70,no_ingresante,4
2021,EDUCACION SECUNDARIA,70,80,ingresante,5
2021,EDUCACION SECUNDARIA,80,90,ingresante,5
2021,EDUCACION SECUNDARIA,90,100,ingresante,1
2021,EDUCACION SECUNDARIA,180,190,ingresante,1
2021,EDUCACION SECUNDARIA,190,200,ingresante,1
2021,ENFERMERIA,10,20,no_ingresante,1
2021,ENFERMERIA,20,30,no_ingresante,1
2021,ENFERMERIA,40,50,no_ingresante,4
2021,ENFERMERIA,50,60,no_ingresante,7
2021,ENFERMERIA,60,70,ingresante,7
2021,ENFERMERIA,60,70,no_ingresante,80
2021,ENFERMERIA,70,80,ingresante,12
2021,ENFERMERIA,70,80,no_ingresante,63
2021,ENFERMERIA,80,90,ingresante,15
2021,ENFERMERIA,80,90,no_ingresante,34
2021,ENFERMERIA,90,100,ingresante,7
2021,ENFERMERIA,90,100,no_ingresante,14
2021,ENFERMERIA,100,110,ingresante,1
2021,ENFERMERIA,100,110,no_ingresante,2
2021,ENFERMERIA,120,130,no_ingresante,1
2021,ENFERMERIA,130,140,no_ingresante,4
2021,ENFERMERIA,140,150,no_ingresante,3
2021,ENFERMERIA,160,170,no_ingresante,1
2021,ENFERMERIA,170,180,no_ingresante,2
2021,ENFERMERIA,180,190,no_ingresante,1
2021,ENFERMERIA,190,200,no_ingresante,4
2021,ENFERMERIA,200,210,no_ingresante,2
2021,ENFERMERIA,210,220,no_ingresante,1
2021,FARMACIA Y BIOQUIMICA,0,10,no_ingresante,2
2021,FARMACIA Y BIOQUIMICA,50,60,ingresante,1
2021,FARMACIA Y BIOQUIMICA,50,60,no_ingresante,5
2021,FARMACIA Y BIOQUIMICA,60,70,ingresante,6
2021,FARMACIA Y BIOQUIMICA,60,70,no_ingresante,35
2021,FARMACIA Y BIOQUIMICA,70,80,ingresante,10
2021,FARMACIA Y BIOQUIMICA,70,80,no_ingresante,21
2021,FARMACIA Y BIOQUIMICA,80,90,ingresante,10
2021,FARMACIA Y BIOQUIMICA,80,90,no_ingresante,14
2021,FARMACIA Y BIOQUIMICA,90,100,ingresante,2
2021,FARMACIA Y BIOQUIMICA,90,100,no_ingresante,5
2021,FARMACIA Y BIOQUIMICA,100,110,ingresante,1
2021,INGENIERIA AGRONOMICA Y AGRICOLA,50,60,ingresante,6
2021,INGENIERIA AGRONOMICA Y AGRICOLA,60,70,ingresante,14
2021,INGENIERIA AGRONOMICA Y AGRICOLA,70,80,ingresante,8
2021,INGENIERIA AGRONOMICA Y AGRICOLA,80,90,ingresante,3
2021,INGENIERIA AGRONOMICA Y AGRICOLA,90,100,ingresante,3
2021,INGENIERIA AGRONOMICA Y AGRICOLA,180,190,ingresante,3
2021,INGENIERIA AMBIENTAL,0,10,no_ingresante,2
2021,INGENIERIA AMBIENTAL,40,50,ingresante,1
2021,INGENIERIA AMBIENTAL,50,60,ingresante,4
2021,INGENIERIA AMBIENTAL,50,60,no_ingresante,5
2021,INGENIERIA AMBIENTAL,60,70,ingresante,24
2021,INGENIERIA AMBIENTAL,60,70,no_ingresante,13
2021,INGENIERIA AMBIENTAL,70,80,ingresante,31
2021,INGENIERIA AMBIENTAL,70,80,no_ingresante,8
2021,INGENIERIA AMBIENTAL,80,90,ingresante,27
2021,INGENIERIA AMBIENTAL,80,90,no_ingresante,2
2021,INGENIERIA AMBIENTAL,90,100,ingresante,5
2021,INGENIERIA AMBIENTAL,90,100,no_ingresante,1
2021,INGENIERIA AMBIENTAL,100,110,ingresante,1
2021,INGENIERIA AMBIENTAL,160,170,ingresante,1
2021,INGENIERIA AMBIENTAL,170,180,ingresante,1
2021,INGENIERIA AMBIENTAL,190,200,ingresante,1
2021,INGENIERIA AMBIENTAL,200,210,ingresante,2
2021,INGENIERIA AMBIENTAL,210,220,ingresante,3
2021,INGENIERIA AMBIENTAL,220,230,ingresante,3
2021,INGENIERIA AMBIENTAL,240,250,ingresante,1
2021,INGENIERIA BIOTECNOLOGICA,60,70,ingresante,2
2021,INGENIERIA BIOTECNOLOGICA,60,70,no_ingresante,5
2021,INGENIERIA BIOTECNOLOGICA,70,80,ingresante,3
2021,INGENIERIA BIOTECNOLOGICA,70,80,no_ingresante,14
2021,INGENIERIA BIOTECNOLOGICA,80,90,ingresante,3
2021,INGENIERIA BIOTECNOLOGICA,80,90,no_ingresante,11
2021,INGENIERIA BIOTECNOLOGICA,90,100,ingresante,10
2021,INGENIERIA BIOTECNOLOGICA,90,100,no_ingresante,19
2021,INGENIERIA BIOTECNOLOGICA,100,110,ingresante,7
2021,INGENIERIA CIVIL,10,20,no_ingresante,1
2021,INGENIERIA CIVIL,40,50,no_ingresante,1
2021,INGENIERIA CIVIL,50,60,ingresante,3
2021,INGENIERIA CIVIL,50,60,no_ingresante,5
2021,INGENIERIA CIVIL,60,70,ingresante,22
2021,INGENIERIA CIVIL,60,70,no_ingresante,34
2021,INGENIERIA CIVIL,70,80,ingresante,46
2021,INGENIERIA CIVIL,70,80,no_ingresante,23
2021,INGENIERIA CIVIL,80,90,ingresante,55
2021,INGENIERIA CIVIL,80,90,no_ingresante,6
2021,INGENIERIA CIVIL,90,100,ingresante,23
2021,INGENIERIA CIVIL,90,100,no_ingresante,3
2021,INGENIERIA CIVIL,100,110,ingresante,5
2021,INGENIERIA CIVIL,140,150,ingresante,1
2021,INGENIERIA CIVIL,150,160,ingresante,2
2021,INGENIERIA CIVIL,160,170,ingresante,4
2021,INGENIERIA CIVIL,170,180,ingresante,2
2021,INGENIERIA CIVIL,180,190,ingresante,4
2021,INGENIERIA CIVIL,190,200,ingresante,6
2021,INGENIERIA CIVIL,200,210,ingresante,6
2021,INGENIERIA CIVIL,210,220,ingresante,4
2021,INGENIERIA CIVIL,220,230,ingresante,4
2021,INGENIERIA CIVIL,230,240,ingresante,2
2021,INGENIERIA CIVIL,240,250,ingresante,4
2021,INGENIERIA CIVIL,250,260,ingresante,1
2021,INGENIERIA COMERCIAL,0,10,no_ingresante,2
2021,INGENIERIA COMERCIAL,50,60,ingresante,4
2021,INGENIERIA COMERCIAL,50,60,no_ingresante,2
2021,INGENIERIA COMERCIAL,60,70,ingresante,17
2021,INGENIERIA COMERCIAL,60,70,no_ingresante,7
2021,INGENIERIA COMERCIAL,70,80,ingresante,42
2021,INGENIERIA COMERCIAL,70,80,no_ingresante,4
2021,INGENIERIA COMERCIAL,80,90,ingresante,26
2021,INGENIERIA COMERCIAL,80,90,no_ingresante,1
2021,INGENIERIA COMERCIAL,90,100,ingresante,9
2021,INGENIERIA COMERCIAL,100,110,ingresante,2
2021,INGENIERIA COMERCIAL,110,120,ingresante,1
2021,INGENIERIA COMERCIAL,150,160,ingresante,1
2021,INGENIERIA COMERCIAL,160,170,ingresante,1
2021,INGENIERIA COMERCIAL,170,180,ingresante,2
2021,INGENIERIA COMERCIAL,180,190,ingresante,3
2021,INGENIERIA COMERCIAL,190,200,ingresante,2
2021,INGENIERIA COMERCIAL,200,210,ingresante,4
2021,INGENIERIA COMERCIAL,210,220,ingresante,3
2021,INGENIERIA COMERCIAL,220,230,ingresante,4
2021,INGENIERIA COMERCIAL,230,240,ingresante,2
2021,INGENIERIA COMERCIAL,240,250,ingresante,1
2021,INGENIERIA DE INDUSTRIA ALIMENTARIA,40,50,ingresante,1
2021,INGENIERIA DE INDUSTRIA ALIMENTARIA,50,60,ingresante,2
2021,INGENIERIA DE INDUSTRIA ALIMENTARIA,60,70,ingresante,6
2021,INGENIERIA DE INDUSTRIA ALIMENTARIA,70,80,ingresante,13
2021,INGENIERIA DE INDUSTRIA ALIMENTARIA,80,90,ingresante,4
2021,INGENIERIA DE INDUSTRIA ALIMENTARIA,110,120,ingresante,1
2021,INGENIERIA DE INDUSTRIA ALIMENTARIA,120,130,ingresante,1
2021,INGENIERIA DE INDUSTRIA ALIMENTARIA,140,150,ingresante,1
2021,INGENIERIA DE INDUSTRIA ALIMENTARIA,190,200,ingresante,2
2021,INGENIERIA DE INDUSTRIA ALIMENTARIA,200,210,ingresante,2
2021,INGENIERIA DE INDUSTRIA ALIMENTARIA,230,240,ingresante,1
2021,INGENIERIA DE MINAS,40,50,ingresante,1
2021,INGENIERIA DE MINAS,40,50,no_ingresante,1
2021,INGENIERIA DE MINAS,50,60,ingresante,7
2021,INGENIERIA DE MINAS,60,70,ingresante,24
2021,INGENIERIA DE MINAS,60,70,no_ingresante,12
2021,INGENIERIA DE MINAS,70,80,ingresante,29
2021,INGENIERIA DE MINAS,70,80,no_ingresante,2
2021,INGENIERIA DE MINAS,80,90,ingresante,15
2021,INGENIERIA DE MINAS,90,100,ingresante,10
2021,INGENIERIA DE MINAS,100,110,ingresante,2
2021,INGENIERIA DE MINAS,120,130,ingresante,1
2021,INGENIERIA DE MINAS,150,160,ingresante,4
2021,INGENIERIA DE MINAS,160,170,ingresante,2
2021,INGENIERIA DE MINAS,170,180,ingresante,2
2021,INGENIERIA DE MINAS,190,200,ingresante,3
2021,INGENIERIA DE MINAS,200,210,ingresante,1
2021,INGENIERIA DE MINAS,210,220,ingresante,2
2021,INGENIERIA DE MINAS,220,230,ingresante,1
2021,INGENIERIA DE MINAS,240,250,ingresante,2
2021,INGENIERIA DE MINAS,270,280,ingresante,1
2021,INGENIERIA DE SISTEMAS,0,10,no_ingresante,1
2021,INGENIERIA DE SISTEMAS,50,60,ingresante,3
2021,INGENIERIA DE SISTEMAS,50,60,no_ingresante,4
2021,INGENIERIA DE SISTEMAS,60,70,ingresante,15
2021,INGENIERIA DE SISTEMAS,60,70,no_ingresante,12
2021,INGENIERIA DE SISTEMAS,70,80,ingresante,49
2021,INGENIERIA DE SISTEMAS,70,80,no_ingresante,10
2021,INGENIERIA DE SISTEMAS,80,90,ingresante,31
2021,INGENIERIA DE SISTEMAS,80,90,no_ingresante,3
2021,INGENIERIA DE SISTEMAS,90,100,ingresante,5
2021,INGENIERIA DE SISTEMAS,90,100,no_ingresante,2
2021,INGENIERIA DE SISTEMAS,110,120,ingresante,1
2021,INGENIERIA DE SISTEMAS,120,130,ingresante,2
2021,INGENIERIA DE SISTEMAS,130,140,ingresante,1
2021,INGENIERIA DE SISTEMAS,140,150,ingresante,2
2021,INGENIERIA DE SISTEMAS,150,160,ingresante,1
2021,INGENIERIA DE SISTEMAS,160,170,ingresante,1
2021,INGENIERIA DE SISTEMAS,170,180,ingresante,3
2021,INGENIERIA DE SISTEMAS,180,190,ingresante,1
2021,INGENIERIA DE SISTEMAS,190,200,ingresante,4
2021,INGENIERIA DE SISTEMAS,200,210,ingresante,5
2021,INGENIERIA DE SISTEMAS,220,230,ingresante,3
2021,INGENIERIA DE SISTEMAS,230,240,ingresante,2
2021,INGENIERIA DE SISTEMAS,240,250,ingresante,2
2021,INGENIERIA DE SISTEMAS,250,260,ingresante,1
2021,INGENIERIA ELECTRONICA,40,50,ingresante,1
2021,INGENIERIA ELECTRONICA,60,70,ingresante,4
2021,INGENIERIA ELECTRONICA,70,80,ingresante,11
2021,INGENIERIA ELECTRONICA,80,90,ingresante,4
2021,INGENIERIA ELECTRONICA,90,100,ingresante,1
2021,INGENIERIA ELECTRONICA,100,110,ingresante,1
2021,INGENIERIA ELECTRONICA,160,170,ingresante,1
2021,INGENIERIA ELECTRONICA,170,180,ingresante,1
2021,INGENIERIA ELECTRONICA,180,190,ingresante,1
2021,INGENIERIA ELECTRONICA,190,200,ingresante,1
2021,INGENIERIA ELECTRONICA,200,210,ingresante,1
2021,INGENIERIA ELECTRONICA,220,230,ingresante,2
2021,INGENIERIA ELECTRONICA,230,240,ingresante,1
2021,INGENIERIA ELECTRONICA,240,250,ingresante,1
2021,INGENIERIA ELECTRONICA,250,260,ingresante,1
2021,INGENIERIA INDUSTRIAL,10,20,no_ingresante,1
2021,INGENIERIA INDUSTRIAL,40,50,no_ingresante,1
2021,INGENIERIA INDUSTRIAL,50,60,ingresante,2
2021,INGENIERIA INDUSTRIAL,50,60,no_ingresante,5
2021,INGENIERIA INDUSTRIAL,60,70,ingresante,22
2021,INGENIERIA INDUSTRIAL,60,70,no_ingresante,22
2021,INGENIERIA INDUSTRIAL,70,80,ingresante,95
2021,INGENIERIA INDUSTRIAL,70,80,no_ingresante,13
2021,INGENIERIA INDUSTRIAL,80,90,ingresante,65
2021,INGENIERIA INDUSTRIAL,80,90,no_ingresante,3
2021,INGENIERIA INDUSTRIAL,90,100,ingresante,26
2021,INGENIERIA INDUSTRIAL,90,100,no_ingresante,1
2021,INGENIERIA INDUSTRIAL,100,110,ingresante,11
2021,INGENIERIA INDUSTRIAL,110,120,ingresante,2
2021,INGENIERIA INDUSTRIAL,120,130,ingresante,1
2021,INGENIERIA INDUSTRIAL,140,150,ingresante,3
2021,INGENIERIA INDUSTRIAL,150,160,ingresante,5
2021,INGENIERIA INDUSTRIAL,160,170,ingresante,4
2021,INGENIERIA INDUSTRIAL,170,180,ingresante,8
2021,INGENIERIA INDUSTRIAL,180,190,ingresante,5
2021,INGENIERIA INDUSTRIAL,190,200,ingresante,6
2021,INGENIERIA INDUSTRIAL,200,210,ingresante,7
2021,INGENIERIA INDUSTRIAL,210,220,ingresante,13
2021,INGENIERIA INDUSTRIAL,220,230,ingresante,6
2021,INGENIERIA INDUSTRIAL,230,240,ingresante,5
2021,INGENIERIA INDUSTRIAL,250,260,ingresante,2
2021,INGENIERIA INDUSTRIAL,260,270,ingresante,1
2021,INGENIERIA INDUSTRIAL,270,280,ingresante,1
2021,INGENIERIA MECANICA,40,50,ingresante,1
2021,INGENIERIA MECANICA,40,50,no_ingresante,1
2021,INGENIERIA MECANICA,50,60,ingresante,3
2021,INGENIERIA MECANICA,60,70,ingresante,16
2021,INGENIERIA MECANICA,70,80,ingresante,19
2021,INGENIERIA MECANICA,80,90,ingresante,13
2021,INGENIERIA MECANICA,90,100,ingresante,3
2021,INGENIERIA MECANICA,150,160,ingresante,1
2021,INGENIERIA MECANICA,190,200,ingresante,3
2021,INGENIERIA MECANICA,200,210,ingresante,2
2021,INGENIERIA MECANICA,210,220,ingresante,1
2021,INGENIERIA MECANICA,220,230,ingresante,1
2021,INGENIERIA MECANICA,230,240,ingresante,2
2021,INGENIERIA MECANICA,260,270,ingresante,1
2021,INGENIERIA MECANICA ELECTRICA,40,50,ingresante,1
2021,INGENIERIA MECANICA ELECTRICA,50,60,ingresante,2
2021,INGENIERIA MECANICA ELECTRICA,50,60,no_ingresante,2
2021,INGENIERIA MECANICA ELECTRICA,60,70,ingresante,11
2021,INGENIERIA MECANICA ELECTRICA,60,70,no_ingresante,1
2021,INGENIERIA MECANICA ELECTRICA,70,80,ingresante,14
2021,INGENIERIA MECANICA ELECTRICA,70,80,no_ingresante,1
2021,INGENIERIA MECANICA ELECTRICA,80,90,ingresante,7
2021,INGENIERIA MECANICA ELECTRICA,90,100,ingresante,1
2021,INGENIERIA MECANICA ELECTRICA,90,100,no_ingresante,1
2021,INGENIERIA MECANICA ELECTRICA,100,110,ingresante,2
2021,INGENIERIA MECANICA ELECTRICA,180,190,ingresante,1
2021,INGENIERIA MECANICA ELECTRICA,210,220,ingresante,1
2021,INGENIERIA MECANICA ELECTRICA,220,230,ingresante,1
2021,INGENIERIA MECATRONICA,40,50,ingresante,1
2021,INGENIERIA MECATRONICA,50,60,ingresante,5
2021,INGENIERIA MECATRONICA,60,70,ingresante,17
2021,INGENIERIA MECATRONICA,60,70,no_ingresante,6
2021,INGENIERIA MECATRONICA,70,80,ingresante,34
2021,INGENIERIA MECATRONICA,70,80,no_ingresante,1
2021,INGENIERIA MECATRONICA,80,90,ingresante,24
2021,INGENIERIA MECATRONICA,80,90,no_ingresante,1
2021,INGENIERIA MECATRONICA,90,100,ingresante,11
2021,INGENIERIA MECATRONICA,100,110,ingresante,5
2021,INGENIERIA MECATRONICA,130,140,ingresante,1
2021,INGENIERIA MECATRONICA,140,150,ingresante,1
2021,INGENIERIA MECATRONICA,150,160,ingresante,2
2021,INGENIERIA MECATRONICA,160,170,ingresante,4
2021,INGENIERIA MECATRONICA,170,180,ingresante,1
2021,INGENIERIA MECATRONICA,180,190,ingresante,1
2021,INGENIERIA MECATRONICA,190,200,ingresante,2
2021,INGENIERIA MECATRONICA,200,210,ingresante,3
2021,INGENIERIA MECATRONICA,210,220,ingresante,4
2021,INGENIERIA MECATRONICA,220,230,ingresante,3
2021,INGENIERIA MECATRONICA,240,250,ingresante,1
2021,INGENIERIA MECATRONICA,250,260,ingresante,1
2021,MEDICINA HUMANA,0,10,no_ingresante,5
2021,MEDICINA HUMANA,10,20,no_ingresante,3
2021,MEDICINA HUMANA,20,30,no_ingresante,1
2021,MEDICINA HUMANA,30,40,no_ingresante,1
2021,MEDICINA HUMANA,40,50,no_ingresante,11
2021,MEDICINA HUMANA,50,60,no_ingresante,37
2021,MEDICINA HUMANA,60,70,ingresante,2
2021,MEDICINA HUMANA,60,70,no_ingresante,165
2021,MEDICINA HUMANA,70,80,ingresante,6
2021,MEDICINA HUMANA,70,80,no_ingresante,321
2021,MEDICINA HUMANA,80,90,ingresante,5
2021,MEDICINA HUMANA,80,90,no_ingresante,498
2021,MEDICINA HUMANA,90,100,ingresante,13
2021,MEDICINA HUMANA,90,100,no_ingresante,423
2021,MEDICINA HUMANA,100,110,ingresante,45
2021,MEDICINA HUMANA,100,110,no_ingresante,83
2021,MEDICINA HUMANA,110,120,ingresante,18
2021,MEDICINA HUMANA,110,120,no_ingresante,13
2021,MEDICINA HUMANA,120,130,no_ingresante,12
2021,MEDICINA HUMANA,130,140,no_ingresante,16
2021,MEDICINA HUMANA,140,150,no_ingresante,15
2021,MEDICINA HUMANA,150,160,no_ingresante,23
2021,MEDICINA HUMANA,160,170,no_ingresante,38
2021,MEDICINA HUMANA,170,180,no_ingresante,42
2021,MEDICINA HUMANA,180,190,no_ingresante,46
2021,MEDICINA HUMANA,190,200,no_ingresante,91
2021,MEDICINA HUMANA,200,210,no_ingresante,96
2021,MEDICINA HUMANA,210,220,no_ingresante,119
2021,MEDICINA HUMANA,220,230,no_ingresante,203
2021,MEDICINA HUMANA,230,240,no_ingresante,208
2021,MEDICINA HUMANA,240,250,no_ingresante,152
2021,MEDICINA HUMANA,250,260,no_ingresante,95
2021,MEDICINA HUMANA,260,270,no_ingresante,27
2021,MEDICINA HUMANA,270,280,no_ingresante,11
2021,MEDICINA VETERINARIA Y ZOOTECNIA,0,10,no_ingresante,1
2021,MEDICINA VETERINARIA Y ZOOTECNIA,30,40,no_ingresante,1
2021,MEDICINA VETERINARIA Y ZOOTECNIA,40,50,no_ingresante,6
2021,MEDICINA VETERINARIA Y ZOOTECNIA,50,60,no_ingresante,4
2021,MEDICINA VETERINARIA Y ZOOTECNIA,60,70,ingresante,12
2021,MEDICINA VETERINARIA Y ZOOTECNIA,60,70,no_ingresante,26
2021,MEDICINA VETERINARIA Y ZOOTECNIA,70,80,ingresante,60
2021,MEDICINA VETERINARIA Y ZOOTECNIA,70,80,no_ingresante,9
2021,MEDICINA VETERINARIA Y ZOOTECNIA,80,90,ingresante,22
2021,MEDICINA VETERINARIA Y ZOOTECNIA,80,90,no_ingresante,9
2021,MEDICINA VETERINARIA Y ZOOTECNIA,90,100,ingresante,11
2021,MEDICINA VETERINARIA Y ZOOTECNIA,90,100,no_ingresante,6
2021,MEDICINA VETERINARIA Y ZOOTECNIA,100,110,ingresante,3
2021,MEDICINA VETERINARIA Y ZOOTECNIA,110,120,ingresante,2
2021,MEDICINA VETERINARIA Y ZOOTECNIA,120,130,ingresante,4
2021,MEDICINA VETERINARIA Y ZOOTECNIA,130,140,no_ingresante,1
2021,MEDICINA VETERINARIA Y ZOOTECNIA,140,150,ingresante,1
2021,MEDICINA VETERINARIA Y ZOOTECNIA,150,160,ingresante,3
2021,MEDICINA VETERINARIA Y ZOOTECNIA,160,170,ingresante,3
2021,MEDICINA VETERINARIA Y ZOOTECNIA,170,180,ingresante,5
2021,MEDICINA VETERINARIA Y ZOOTECNIA,180,190,ingresante,1
2021,MEDICINA VETERINARIA Y ZOOTECNIA,190,200,ingresante,6
2021,MEDICINA VETERINARIA Y ZOOTECNIA,200,210,ingresante,2
2021,MEDICINA VETERINARIA Y ZOOTECNIA,210,220,ingresante,2
2021,MEDICINA VETERINARIA Y ZOOTECNIA,220,230,ingresante,1
2021,OBSTETRICIA Y PUERICULTURA,50,60,no_ingresante,6
2021,OBSTETRICIA Y PUERICULTURA,60,70,ingresante,6
2021,OBSTETRICIA Y PUERICULTURA,60,70,no_ingresante,29
2021,OBSTETRICIA Y PUERICULTURA,70,80,ingresante,10
2021,OBSTETRICIA Y PUERICULTURA,70,80,no_ingresante,28
2021,OBSTETRICIA Y PUERICULTURA,80,90,ingresante,3
2021,OBSTETRICIA Y PUERICULTURA,80,90,no_ingresante,10
2021,OBSTETRICIA Y PUERICULTURA,90,100,ingresante,4
2021,OBSTETRICIA Y PUERICULTURA,90,100,no_ingresante,5
2021,OBSTETRICIA Y PUERICULTURA,100,110,ingresante,1
2021,ODONTOLOGIA,40,50,no_ingresante,1
2021,ODONTOLOGIA,50,60,ingresante,4
2021,ODONTOLOGIA,50,60,no_ingresante,9
2021,ODONTOLOGIA,60,70,ingresante,4
2021,ODONTOLOGIA,60,70,no_ingresante,24
2021,ODONTOLOGIA,70,80,ingresante,6
2021,ODONTOLOGIA,70,80,no_ingresante,31
2021,ODONTOLOGIA,80,90,ingresante,5
2021,ODONTOLOGIA,80,90,no_ingresante,50
2021,ODONTOLOGIA,90,100,ingresante,7
2021,ODONTOLOGIA,90,100,no_ingresante,20
2021,ODONTOLOGIA,100,110,ingresante,4
2021,ODONTOLOGIA,100,110,no_ingresante,3
2021,PSICOLOGIA,0,10,no_ingresante,4
2021,PSICOLOGIA,10,20,no_ingresante,1
2021,PSICOLOGIA,40,50,no_ingresante,4
2021,PSICOLOGIA,50,60,ingresante,3
2021,PSICOLOGIA,50,60,no_ingresante,25
2021,PSICOLOGIA,60,70,ingresante,4
2021,PSICOLOGIA,60,70,no_ingresante,56
2021,PSICOLOGIA,70,80,ingresante,11
2021,PSICOLOGIA,70,80,no_ingresante,49
2021,PSICOLOGIA,80,90,ingresante,18
2021,PSICOLOGIA,80,90,no_ingresante,19
2021,PSICOLOGIA,90,100,ingresante,1
2021,PSICOLOGIA,90,100,no_ingresante,13
2021,PSICOLOGIA,100,110,ingresante,2
2021,PSICOLOGIA,100,110,no_ingresante,2
2021,PUBLICIDAD Y MULTIMEDIA,40,50,no_ingresante,2
2021,PUBLICIDAD Y MULTIMEDIA,50,60,no_ingresante,4
2021,PUBLICIDAD Y MULTIMEDIA,60,70,ingresante,1
2021,PUBLICIDAD Y MULTIMEDIA,60,70,no_ingresante,41
2021,PUBLICIDAD Y MULTIMEDIA,70,80,ingresante,44
2021,PUBLICIDAD Y MULTIMEDIA,70,80,no_ingresante,22
2021,PUBLICIDAD Y MULTIMEDIA,80,90,ingresante,36
2021,PUBLICIDAD Y MULTIMEDIA,80,90,no_ingresante,1
2021,PUBLICIDAD Y MULTIMEDIA,90,100,ingresante,9
2021,PUBLICIDAD Y MULTIMEDIA,90,100,no_ingresante,2
2021,PUBLICIDAD Y MULTIMEDIA,100,110,ingresante,1
2021,PUBLICIDAD Y MULTIMEDIA,110,120,no_ingresante,2
2021,PUBLICIDAD Y MULTIMEDIA,120,130,ingresante,1
2021,PUBLICIDAD Y MULTIMEDIA,130,140,ingresante,1
2021,PUBLICIDAD Y MULTIMEDIA,140,150,ingresante,1
2021,PUBLICIDAD Y MULTIMEDIA,140,150,no_ingresante,2
2021,PUBLICIDAD Y MULTIMEDIA,150,160,ingresante,4
2021,PUBLICIDAD Y MULTIMEDIA,150,160,no_ingresante,1
2021,PUBLICIDAD Y MULTIMEDIA,160,170,ingresante,2
2021,PUBLICIDAD Y MULTIMEDIA,160,170,no_ingresante,1
2021,PUBLICIDAD Y MULTIMEDIA,170,180,ingresante,4
2021,PUBLICIDAD Y MULTIMEDIA,180,190,ingresante,3
2021,PUBLICIDAD Y MULTIMEDIA,180,190,no_ingresante,1
2021,PUBLICIDAD Y MULTIMEDIA,190,200,ingresante,5
2021,PUBLICIDAD Y MULTIMEDIA,200,210,ingresante,6
2021,PUBLICIDAD Y MULTIMEDIA,210,220,ingresante,7
2021,PUBLICIDAD Y MULTIMEDIA,220,230,ingresante,4
2021,PUBLICIDAD Y MULTIMEDIA,230,240,ingresante,1
2021,PUBLICIDAD Y MULTIMEDIA,260,270,ingresante,1
2021,TEOLOGIA,0,10,no_ingresante,2
2021,TEOLOGIA,10,20,ingresante,3
2021,TEOLOGIA,20,30,ingresante,4
2021,TEOLOGIA,40,50,ingresante,2
2021,TEOLOGIA,50,60,ingresante,1
2021,TEOLOGIA,70,80,ingresante,1
2021,TEOLOGIA,80,90,ingresante,1
2021,TEOLOGIA,90,100,ingresante,1
2021,TRABAJO SOCIAL,50,60,ingresante,1
2021,TRABAJO SOCIAL,60,70,ingresante,18
2021,TRABAJO SOCIAL,70,80,ingresante,16
2021,TRABAJO SOCIAL,80,90,ingresante,5
2021,TURISMO Y HOTELERIA,50,60,ingresante,1
2021,TURISMO Y HOTELERIA,50,60,no_ingresante,1
2021,TURISMO Y HOTELERIA,60,70,ingresante,14
2021,TURISMO Y HOTELERIA,60,70,no_ingresante,3
2021,TURISMO Y HOTELERIA,70,80,ingresante,7
2021,TURISMO Y HOTELERIA,70,80,no_ingresante,1
2021,TURISMO Y HOTELERIA,80,90,ingresante,3
2021,TURISMO Y HOTELERIA,90,100,ingresante,1
2021,TURISMO Y HOTELERIA,160,170,ingresante,1
2022,ADMINISTRACION DE EMPRESAS,0,10,no_ingresante,4
2022,ADMINISTRACION DE EMPRESAS,10,20,no_ingresante,3
2022,ADMINISTRACION DE EMPRESAS,20,30,ingresante,3
2022,ADMINISTRACION DE EMPRESAS,30,40,ingresante,2
2022,ADMINISTRACION DE EMPRESAS,40,50,ingresante,5
2022,ADMINISTRACION DE EMPRESAS,50,60,ingresante,15
2022,ADMINISTRACION DE EMPRESAS,50,60,no_ingresante,2
2022,ADMINISTRACION DE EMPRESAS,60,70,ingresante,48
2022,ADMINISTRACION DE EMPRESAS,60,70,no_ingresante,9
2022,ADMINISTRACION DE EMPRESAS,70,80,ingresante,93
2022,ADMINISTRACION DE EMPRESAS,70,80,no_ingresante,2
2022,ADMINISTRACION DE EMPRESAS,80,90,ingresante,74
2022,ADMINISTRACION DE EMPRESAS,90,100,ingresante,5
2022,ADMINISTRACION DE EMPRESAS,100,110,ingresante,1
2022,ADMINISTRACION DE EMPRESAS,110,120,ingresante,7
2022,ADMINISTRACION DE EMPRESAS,120,130,ingresante,4
2022,ADMINISTRACION DE EMPRESAS,130,140,ingresante,7
2022,ADMINISTRACION DE EMPRESAS,140,150,ingresante,8
2022,ADMINISTRACION DE EMPRESAS,150,160,ingresante,6
2022,ADMINISTRACION DE EMPRESAS,160,170,ingresante,9
2022,ADMINISTRACION DE EMPRESAS,170,180,ingresante,4
2022,ADMINISTRACION DE EMPRESAS,180,190,ingresante,4
2022,ADMINISTRACION DE EMPRESAS,190,200,ingresante,2
2022,ADMINISTRACION DE EMPRESAS,200,210,ingresante,8
2022,ADMINISTRACION DE EMPRESAS,220,230,ingresante,2
2022,ADMINISTRACION DE EMPRESAS,250,260,ingresante,2
2022,APRESTAMIENTO,0,10,no_ingresante,8
2022,APRESTAMIENTO,10,20,no_ingresante,1
2022,APRESTAMIENTO,30,40,no_ingresante,1
2022,APRESTAMIENTO,40,50,no_ingresante,2
2022,APRESTAMIENTO,50,60,no_ingresante,1
2022,APRESTAMIENTO,60,70,no_ingresante,1
2022,APRESTAMIENTO,90,100,no_ingresante,3
2022,APRESTAMIENTO,100,110,no_ingresante,1
2022,APRESTAMIENTO,130,140,no_ingresante,1
2022,APRESTAMIENTO,140,150,no_ingresante,1
2022,APRESTAMIENTO,160,170,no_ingresante,1
2022,ARQUITECTURA,0,10,ingresante,1
2022,ARQUITECTURA,0,10,no_ingresante,4
2022,ARQUITECTURA,10,20,ingresante,1
2022,ARQUITECTURA,10,20,no_ingresante,1
2022,ARQUITECTURA,20,30,ingresante,1
2022,ARQUITECTURA,30,40,ingresante,1
2022,ARQUITECTURA,40,50,ingresante,1
2022,ARQUITECTURA,50,60,ingresante,7
2022,ARQUITECTURA,50,60,no_ingresante,2
2022,ARQUITECTURA,60,70,ingresante,34
2022,ARQUITECTURA,60,70,no_ingresante,9
2022,ARQUITECTURA,70,80,ingresante,59
2022,ARQUITECTURA,70,80,no_ingresante,1
2022,ARQUITECTURA,80,90,ingresante,68
2022,ARQUITECTURA,90,100,ingresante,14
2022,ARQUITECTURA,100,110,ingresante,1
2022,ARQUITECTURA,120,130,ingresante,3
2022,ARQUITECTURA,130,140,ingresante,3
2022,ARQUITECTURA,140,150,ingresante,6
2022,ARQUITECTURA,150,160,ingresante,3
2022,ARQUITECTURA,160,170,ingresante,1
2022,ARQUITECTURA,170,180,ingresante,6
2022,ARQUITECTURA,180,190,ingresante,6
2022,ARQUITECTURA,190,200,ingresante,11
2022,ARQUITECTURA,200,210,ingresante,11
2022,ARQUITECTURA,210,220,ingresante,10
2022,ARQUITECTURA,220,230,ingresante,6
2022,ARQUITECTURA,230,240,ingresante,8
2022,ARQUITECTURA,250,260,ingresante,1
2022,CIENCIA POLITICA Y GOBIERNO,0,10,no_ingresante,2
2022,CIENCIA POLITICA Y GOBIERNO,30,40,ingresante,1
2022,CIENCIA POLITICA Y GOBIERNO,40,50,ingresante,1
2022,CIENCIA POLITICA Y GOBIERNO,50,60,ingresante,2
2022,CIENCIA POLITICA Y GOBIERNO,60,70,ingresante,19
2022,CIENCIA POLITICA Y GOBIERNO,70,80,ingresante,39
2022,CIENCIA POLITICA Y GOBIERNO,80,90,ingresante,12
2022,CIENCIA POLITICA Y GOBIERNO,90,100,ingresante,5
2022,CIENCIA POLITICA Y GOBIERNO,100,110,ingresante,2
2022,CIENCIA POLITICA Y GOBIERNO,110,120,ingresante,2
2022,CIENCIA POLITICA Y GOBIERNO,120,130,ingresante,1
2022,CIENCIA POLITICA Y GOBIERNO,180,190,ingresante,1
2022,CIENCIA POLITICA Y GOBIERNO,200,210,ingresante,3
2022,CIENCIA POLITICA Y GOBIERNO,210,220,ingresante,1
2022,COMUNICACION SOCIAL,0,10,no_ingresante,1
2022,COMUNICACION SOCIAL,20,30,ingresante,2
2022,COMUNICACION SOCIAL,30,40,ingresante,1
2022,COMUNICACION SOCIAL,40,50,ingresante,1
2022,COMUNICACION SOCIAL,50,60,ingresante,5
2022,COMUNICACION SOCIAL,60,70,ingresante,34
2022,COMUNICACION SOCIAL,70,80,ingresante,40
2022,COMUNICACION SOCIAL,80,90,ingresante,25
2022,COMUNICACION SOCIAL,90,100,ingresante,2
2022,COMUNICACION SOCIAL,110,120,ingresante,2
2022,COMUNICACION SOCIAL,120,130,ingresante,2
2022,COMUNICACION SOCIAL,140,150,ingresante,2
2022,COMUNICACION SOCIAL,150,160,ingresante,1
2022,COMUNICACION SOCIAL,160,170,ingresante,2
2022,COMUNICACION SOCIAL,180,190,ingresante,1
2022,COMUNICACION SOCIAL,190,200,ingresante,2
2022,COMUNICACION SOCIAL,200,210,ingresante,2
2022,COMUNICACION SOCIAL,210,220,ingresante,2
2022,COMUNICACION SOCIAL,220,230,ingresante,3
2022,COMUNICACION SOCIAL,230,240,ingresante,4
2022,CONTABILIDAD,0,10,no_ingresante,1
2022,CONTABILIDAD,10,20,no_ingresante,1
2022,CONTABILIDAD,20,30,ingresante,2
2022,CONTABILIDAD,30,40,ingresante,1
2022,CONTABILIDAD,40,50,ingresante,2
2022,CONTABILIDAD,50,60,ingresante,9
2022,CONTABILIDAD,60,70,ingresante,27
2022,CONTABILIDAD,70,80,ingresante,46
2022,CONTABILIDAD,80,90,ingresante,15
2022,CONTABILIDAD,90,100,ingresante,4
2022,CONTABILIDAD,120,130,ingresante,1
2022,CONTABILIDAD,150,160,ingresante,2
2022,CONTABILIDAD,190,200,ingresante,4
2022,DERECHO,0,10,no_ingresante,12
2022,DERECHO,10,20,ingresante,1
2022,DERECHO,10,20,no_ingresante,6
2022,DERECHO,20,30,ingresante,2
2022,DERECHO,20,30,no_ingresante,3
2022,DERECHO,30,40,ingresante,2
2022,DERECHO,40,50,ingresante,2
2022,DERECHO,40,50,no_ingresante,2
2022,DERECHO,50,60,ingresante,1
2022,DERECHO,50,60,no_ingresante,20
2022,DERECHO,60,70,no_ingresante,74
2022,DERECHO,70,80,ingresante,25
2022,DERECHO,70,80,no_ingresante,111
2022,DERECHO,80,90,ingresante,164
2022,DERECHO,80,90,no_ingresante,16
2022,DERECHO,90,100,ingresante,27
2022,DERECHO,90,100,no_ingresante,5
2022,DERECHO,100,110,ingresante,3
2022,DERECHO,100,110,no_ingresante,3
2022,DERECHO,110,120,ingresante,3
2022,DERECHO,110,120,no_ingresante,1
2022,DERECHO,120,130,ingresante,3
2022,DERECHO,120,130,no_ingresante,3
2022,DERECHO,130,140,ingresante,7
2022,DERECHO,130,140,no_ingresante,2
2022,DERECHO,140,150,ingresante,8
2022,DERECHO,140,150,no_ingresante,2
2022,DERECHO,150,160,ingresante,2
2022,DERECHO,150,160,no_ingresante,1
2022,DERECHO,160,170,ingresante,18
2022,DERECHO,160,170,no_ingresante,1
2022,DERECHO,170,180,ingresante,25
2022,DERECHO,170,180,no_ingresante,2
2022,DERECHO,180,190,ingresante,17
2022,DERECHO,190,200,ingresante,37
2022,DERECHO,200,210,ingresante,17
2022,DERECHO,210,220,ingresante,19
2022,DERECHO,220,230,ingresante,21
2022,DERECHO,230,240,ingresante,12
2022,DERECHO,240,250,ingresante,9
2022,DERECHO,250,260,ingresante,2
2022,EDUCACION INICIAL,0,10,no_ingresante,1
2022,EDUCACION INICIAL,10,20,ingresante,1
2022,EDUCACION INICIAL,20,30,ingresante,1
2022,EDUCACION INICIAL,50,60,ingresante,4
2022,EDUCACION INICIAL,60,70,ingresante,4
2022,EDUCACION INICIAL,70,80,ingresante,24
2022,EDUCACION INICIAL,80,90,ingresante,7
2022,EDUCACION INICIAL,90,100,ingresante,1
2022,EDUCACION INICIAL,150,160,ingresante,2
2022,EDUCACION INICIAL,180,190,ingresante,2
2022,ENFERMERIA,0,10,no_ingresante,6
2022,ENFERMERIA,10,20,ingresante,4
2022,ENFERMERIA,10,20,no_ingresante,7
2022,ENFERMERIA,20,30,ingresante,1
2022,ENFERMERIA,20,30,no_ingresante,2
2022,ENFERMERIA,40,50,no_ingresante,8
2022,ENFERMERIA,50,60,ingresante,1
2022,ENFERMERIA,50,60,no_ingresante,23
2022,ENFERMERIA,60,70,ingresante,3
2022,ENFERMERIA,60,70,no_ingresante,96
2022,ENFERMERIA,70,80,ingresante,10
2022,ENFERMERIA,70,80,no_ingresante,118
2022,ENFERMERIA,80,90,ingresante,18
2022,ENFERMERIA,80,90,no_ingresante,47
2022,ENFERMERIA,90,100,ingresante,3
2022,ENFERMERIA,90,100,no_ingresante,26
2022,ENFERMERIA,100,110,no_ingresante,3
2022,ENFERMERIA,110,120,no_ingresante,2
2022,ENFERMERIA,120,130,ingresante,1
2022,ENFERMERIA,120,130,no_ingresante,6
2022,ENFERMERIA,130,140,no_ingresante,1
2022,ENFERMERIA,140,150,no_ingresante,2
2022,ENFERMERIA,150,160,ingresante,1
2022,ENFERMERIA,150,160,no_ingresante,2
2022,ENFERMERIA,160,170,no_ingresante,7
2022,ENFERMERIA,170,180,ingresante,2
2022,ENFERMERIA,170,180,no_ingresante,17
2022,ENFERMERIA,180,190,no_ingresante,3
2022,ENFERMERIA,190,200,ingresante,4
2022,ENFERMERIA,190,200,no_ingresante,2
2022,ENFERMERIA,200,210,no_ingresante,3
2022,ENFERMERIA,210,220,ingresante,1
2022,ENFERMERIA,210,220,no_ingresante,1
2022,ENFERMERIA,220,230,ingresante,2
2022,FARMACIA Y BIOQUIMICA,0,10,no_ingresante,3
2022,FARMACIA Y BIOQUIMICA,10,20,ingresante,3
2022,FARMACIA Y BIOQUIMICA,10,20,no_ingresante,1
2022,FARMACIA Y BIOQUIMICA,40,50,no_ingresante,2
2022,FARMACIA Y BIOQUIMICA,50,60,ingresante,1
2022,FARMACIA Y BIOQUIMICA,50,60,no_ingresante,17
2022,FARMACIA Y BIOQUIMICA,60,70,ingresante,6
2022,FARMACIA Y BIOQUIMICA,60,70,no_ingresante,41
2022,FARMACIA Y BIOQUIMICA,70,80,ingresante,18
2022,FARMACIA Y BIOQUIMICA,70,80,no_ingresante,15
2022,FARMACIA Y BIOQUIMICA,80,90,ingresante,11
2022,FARMACIA Y BIOQUIMICA,80,90,no_ingresante,16
2022,FARMACIA Y BIOQUIMICA,90,100,ingresante,3
2022,FARMACIA Y BIOQUIMICA,90,100,no_ingresante,3
2022,FARMACIA Y BIOQUIMICA,110,120,ingresante,1
2022,FARMACIA Y BIOQUIMICA,140,150,ingresante,1
2022,FARMACIA Y BIOQUIMICA,150,160,ingresante,1
2022,FARMACIA Y BIOQUIMICA,160,170,ingresante,3
2022,FARMACIA Y BIOQUIMICA,170,180,ingresante,1
2022,FARMACIA Y BIOQUIMICA,200,210,ingresante,2
2022,FARMACIA Y BIOQUIMICA,220,230,ingresante,1
2022,FARMACIA Y BIOQUIMICA,230,240,ingresante,1
2022,INGENIERIA AGRONOMICA Y AGRICOLA,0,10,no_ingresante,3
2022,INGENIERIA AGRONOMICA Y AGRICOLA,20,30,ingresante,2
2022,INGENIERIA AGRONOMICA Y AGRICOLA,30,40,ingresante,1
2022,INGENIERIA AGRONOMICA Y AGRICOLA,50,60,ingresante,7
2022,INGENIERIA AGRONOMICA Y AGRICOLA,60,70,ingresante,13
2022,INGENIERIA AGRONOMICA Y AGRICOLA,70,80,ingresante,12
2022,INGENIERIA AGRONOMICA Y AGRICOLA,80,90,ingresante,8
2022,INGENIERIA AGRONOMICA Y AGRICOLA,90,100,ingresante,3
2022,INGENIERIA AGRONOMICA Y AGRICOLA,110,120,ingresante,1
2022,INGENIERIA AGRONOMICA Y AGRICOLA,180,190,ingresante,1
2022,INGENIERIA AMBIENTAL,0,10,no_ingresante,2
2022,INGENIERIA AMBIENTAL,10,20,ingresante,1
2022,INGENIERIA AMBIENTAL,20,30,ingresante,2
2022,INGENIERIA AMBIENTAL,30,40,ingresante,4
2022,INGENIERIA AMBIENTAL,40,50,ingresante,1
2022,INGENIERIA AMBIENTAL,50,60,ingresante,11
2022,INGENIERIA AMBIENTAL,60,70,ingresante,19
2022,INGENIERIA AMBIENTAL,70,80,ingresante,44
2022,INGENIERIA AMBIENTAL,80,90,ingresante,14
2022,INGENIERIA AMBIENTAL,90,100,ingresante,8
2022,INGENIERIA AMBIENTAL,100,110,ingresante,2
2022,INGENIERIA AMBIENTAL,130,140,ingresante,3
2022,INGENIERIA AMBIENTAL,150,160,ingresante,2
2022,INGENIERIA AMBIENTAL,160,170,ingresante,2
2022,INGENIERIA AMBIENTAL,170,180,ingresante,2
2022,INGENIERIA AMBIENTAL,180,190,ingresante,6
2022,INGENIERIA AMBIENTAL,190,200,ingresante,6
2022,INGENIERIA AMBIENTAL,200,210,ingresante,3
2022,INGENIERIA AMBIENTAL,210,220,ingresante,5
2022,INGENIERIA AMBIENTAL,230,240,ingresante,1
2022,INGENIERIA BIOTECNOLOGICA,0,10,no_ingresante,1
2022,INGENIERIA BIOTECNOLOGICA,70,80,ingresante,8
2022,INGENIERIA BIOTECNOLOGICA,80,90,ingresante,17
2022,INGENIERIA BIOTECNOLOGICA,90,100,ingresante,8
2022,INGENIERIA BIOTECNOLOGICA,110,120,ingresante,1
2022,INGENIERIA BIOTECNOLOGICA,140,150,ingresante,1
2022,INGENIERIA BIOTECNOLOGICA,190,200,ingresante,1
2022,INGENIERIA BIOTECNOLOGICA,210,220,ingresante,1
2022,INGENIERIA BIOTECNOLOGICA,230,240,ingresante,1
2022,INGENIERIA BIOTECNOLOGICA,240,250,ingresante,1
2022,INGENIERIA BIOTECNOLOGICA,250,260,ingresante,1
2022,INGENIERIA CIVIL,0,10,ingresante,1
2022,INGENIERIA CIVIL,0,10,no_ingresante,5
2022,INGENIERIA CIVIL,10,20,ingresante,2
2022,INGENIERIA CIVIL,10,20,no_ingresante,1
2022,INGENIERIA CIVIL,20,30,ingresante,1
2022,INGENIERIA CIVIL,30,40,ingresante,1
2022,INGENIERIA CIVIL,40,50,ingresante,2
2022,INGENIERIA CIVIL,50,60,ingresante,10
2022,INGENIERIA CIVIL,50,60,no_ingresante,3
2022,INGENIERIA CIVIL,60,70,ingresante,43
2022,INGENIERIA CIVIL,60,70,no_ingresante,15
2022,INGENIERIA CIVIL,70,80,ingresante,79
2022,INGENIERIA CIVIL,70,80,no_ingresante,14
2022,INGENIERIA CIVIL,80,90,ingresante,70
2022,INGENIERIA CIVIL,80,90,no_ingresante,12
2022,INGENIERIA CIVIL,90,100,ingresante,47
2022,INGENIERIA CIVIL,100,110,ingresante,5
2022,INGENIERIA CIVIL,110,120,ingresante,1
2022,INGENIERIA CIVIL,140,150,ingresante,3
2022,INGENIERIA CIVIL,150,160,ingresante,4
2022,INGENIERIA CIVIL,160,170,ingresante,7
2022,INGENIERIA CIVIL,170,180,ingresante,5
2022,INGENIERIA CIVIL,180,190,ingresante,2
2022,INGENIERIA CIVIL,190,200,ingresante,8
2022,INGENIERIA CIVIL,200,210,ingresante,6
2022,INGENIERIA CIVIL,210,220,ingresante,4
2022,INGENIERIA CIVIL,220,230,ingresante,9
2022,INGENIERIA CIVIL,230,240,ingresante,5
2022,INGENIERIA CIVIL,240,250,ingresante,5
2022,INGENIERIA COMERCIAL,40,50,ingresante,2
2022,INGENIERIA COMERCIAL,50,60,ingresante,10
2022,INGENIERIA COMERCIAL,60,70,ingresante,26
2022,INGENIERIA COMERCIAL,70,80,ingresante,46
2022,INGENIERIA COMERCIAL,80,90,ingresante,40
2022,INGENIERIA COMERCIAL,80,90,no_ingresante,1
2022,INGENIERIA COMERCIAL,90,100,ingresante,15
2022,INGENIERIA COMERCIAL,90,100,no_ingresante,1
2022,INGENIERIA COMERCIAL,100,110,no_ingresante,2
2022,INGENIERIA COMERCIAL,110,120,ingresante,1
2022,INGENIERIA COMERCIAL,120,130,ingresante,2
2022,INGENIERIA COMERCIAL,130,140,ingresante,4
2022,INGENIERIA COMERCIAL,150,160,ingresante,2
2022,INGENIERIA COMERCIAL,160,170,ingresante,5
2022,INGENIERIA COMERCIAL,170,180,ingresante,4
2022,INGENIERIA COMERCIAL,180,190,ingresante,6
2022,INGENIERIA COMERCIAL,190,200,ingresante,7
2022,INGENIERIA COMERCIAL,200,210,ingresante,4
2022,INGENIERIA COMERCIAL,210,220,ingresante,8
2022,INGENIERIA COMERCIAL,230,240,ingresante,2
2022,INGENIERIA COMERCIAL,240,250,ingresante,2
2022,INGENIERIA DE INDUSTRIA ALIMENTARIA,50,60,ingresante,3
2022,INGENIERIA DE INDUSTRIA ALIMENTARIA,60,70,ingresante,9
2022,INGENIERIA DE INDUSTRIA ALIMENTARIA,70,80,ingresante,13
2022,INGENIERIA DE INDUSTRIA ALIMENTARIA,80,90,ingresante,2
2022,INGENIERIA DE INDUSTRIA ALIMENTARIA,90,100,ingresante,3
2022,INGENIERIA DE INDUSTRIA ALIMENTARIA,120,130,ingresante,2
2022,INGENIERIA DE INDUSTRIA ALIMENTARIA,170,180,ingresante,1
2022,INGENIERIA DE INDUSTRIA ALIMENTARIA,190,200,ingresante,2
2022,INGENIERIA DE INDUSTRIA ALIMENTARIA,200,210,ingresante,3
2022,INGENIERIA DE MINAS,0,10,no_ingresante,3
2022,INGENIERIA DE MINAS,10,20,ingresante,1
2022,INGENIERIA DE MINAS,10,20,no_ingresante,1
2022,INGENIERIA DE MINAS,20,30,ingresante,1
2022,INGENIERIA DE MINAS,30,40,ingresante,1
2022,INGENIERIA DE MINAS,40,50,ingresante,1
2022,INGENIERIA DE MINAS,50,60,ingresante,10
2022,INGENIERIA DE MINAS,60,70,ingresante,31
2022,INGENIERIA DE MINAS,70,80,ingresante,41
2022,INGENIERIA DE MINAS,80,90,ingresante,24
2022,INGENIERIA DE MINAS,90,100,ingresante,4
2022,INGENIERIA DE MINAS,100,110,ingresante,1
2022,INGENIERIA DE MINAS,110,120,ingresante,1
2022,INGENIERIA DE MINAS,130,140,ingresante,2
2022,INGENIERIA DE MINAS,140,150,ingresante,2
2022,INGENIERIA DE MINAS,150,160,ingresante,2
2022,INGENIERIA DE MINAS,160,170,ingresante,3
2022,INGENIERIA DE MINAS,170,180,ingresante,1
2022,INGENIERIA DE MINAS,180,190,ingresante,4
2022,INGENIERIA DE MINAS,190,200,ingresante,1
2022,INGENIERIA DE MINAS,200,210,ingresante,4
2022,INGENIERIA DE MINAS,210,220,ingresante,2
2022,INGENIERIA DE MINAS,220,230,ingresante,1
2022,INGENIERIA DE MINAS,230,240,ingresante,2
2022,INGENIERIA DE SISTEMAS,0,10,no_ingresante,5
2022,INGENIERIA DE SISTEMAS,10,20,ingresante,1
2022,INGENIERIA DE SISTEMAS,10,20,no_ingresante,2
2022,INGENIERIA DE SISTEMAS,20,30,ingresante,2
2022,INGENIERIA DE SISTEMAS,20,30,no_ingresante,1
2022,INGENIERIA DE SISTEMAS,30,40,ingresante,4
2022,INGENIERIA DE SISTEMAS,40,50,ingresante,2
2022,INGENIERIA DE SISTEMAS,50,60,ingresante,4
2022,INGENIERIA DE SISTEMAS,50,60,no_ingresante,4
2022,INGENIERIA DE SISTEMAS,60,70,ingresante,32
2022,INGENIERIA DE SISTEMAS,60,70,no_ingresante,33
2022,INGENIERIA DE SISTEMAS,70,80,ingresante,76
2022,INGENIERIA DE SISTEMAS,70,80,no_ingresante,9
2022,INGENIERIA DE SISTEMAS,80,90,ingresante,67
2022,INGENIERIA DE SISTEMAS,90,100,ingresante,17
2022,INGENIERIA DE SISTEMAS,100,110,ingresante,5
2022,INGENIERIA DE SISTEMAS,110,120,ingresante,3
2022,INGENIERIA DE SISTEMAS,120,130,ingresante,1
2022,INGENIERIA DE SISTEMAS,130,140,ingresante,2
2022,INGENIERIA DE SISTEMAS,140,150,ingresante,4
2022,INGENIERIA DE SISTEMAS,150,160,ingresante,6
2022,INGENIERIA DE SISTEMAS,160,170,ingresante,13
2022,INGENIERIA DE SISTEMAS,170,180,ingresante,8
2022,INGENIERIA DE SISTEMAS,180,190,ingresante,5
2022,INGENIERIA DE SISTEMAS,190,200,ingresante,9
2022,INGENIERIA DE SISTEMAS,200,210,ingresante,8
2022,INGENIERIA DE SISTEMAS,210,220,ingresante,4
2022,INGENIERIA DE SISTEMAS,220,230,ingresante,1
2022,INGENIERIA DE SISTEMAS,240,250,ingresante,2
2022,INGENIERIA ELECTRONICA,10,20,no_ingresante,1
2022,INGENIERIA ELECTRONICA,40,50,ingresante,2
2022,INGENIERIA ELECTRONICA,50,60,ingresante,1
2022,INGENIERIA ELECTRONICA,60,70,ingresante,7
2022,INGENIERIA ELECTRONICA,70,80,ingresante,11
2022,INGENIERIA ELECTRONICA,80,90,ingresante,11
2022,INGENIERIA ELECTRONICA,110,120,ingresante,2
2022,INGENIERIA ELECTRONICA,170,180,ingresante,2
2022,INGENIERIA ELECTRONICA,230,240,ingresante,2
2022,INGENIERIA INDUSTRIAL,0,10,no_ingresante,4
2022,INGENIERIA INDUSTRIAL,10,20,ingresante,2
2022,INGENIERIA INDUSTRIAL,10,20,no_ingresante,1
2022,INGENIERIA INDUSTRIAL,20,30,ingresante,1
2022,INGENIERIA INDUSTRIAL,30,40,ingresante,2
2022,INGENIERIA INDUSTRIAL,40,50,ingresante,4
2022,INGENIERIA INDUSTRIAL,40,50,no_ingresante,1
2022,INGENIERIA INDUSTRIAL,50,60,ingresante,12
2022,INGENIERIA INDUSTRIAL,50,60,no_ingresante,4
2022,INGENIERIA INDUSTRIAL,60,70,ingresante,71
2022,INGENIERIA INDUSTRIAL,70,80,ingresante,111
2022,INGENIERIA INDUSTRIAL,80,90,ingresante,76
2022,INGENIERIA INDUSTRIAL,90,100,ingresante,21
2022,INGENIERIA INDUSTRIAL,100,110,ingresante,6
2022,INGENIERIA INDUSTRIAL,110,120,ingresante,3
2022,INGENIERIA INDUSTRIAL,130,140,ingresante,1
2022,INGENIERIA INDUSTRIAL,140,150,ingresante,1
2022,INGENIERIA INDUSTRIAL,150,160,ingresante,10
2022,INGENIERIA INDUSTRIAL,160,170,ingresante,5
2022,INGENIERIA INDUSTRIAL,170,180,ingresante,4
2022,INGENIERIA INDUSTRIAL,180,190,ingresante,24
2022,INGENIERIA INDUSTRIAL,190,200,ingresante,9
2022,INGENIERIA INDUSTRIAL,200,210,ingresante,8
2022,INGENIERIA INDUSTRIAL,210,220,ingresante,8
2022,INGENIERIA INDUSTRIAL,220,230,ingresante,10
2022,INGENIERIA INDUSTRIAL,230,240,ingresante,6
2022,INGENIERIA INDUSTRIAL,240,250,ingresante,2
2022,INGENIERIA MECANICA,0,10,no_ingresante,1
2022,INGENIERIA MECANICA,10,20,no_ingresante,1
2022,INGENIERIA MECANICA,40,50,ingresante,2
2022,INGENIERIA MECANICA,50,60,ingresante,3
2022,INGENIERIA MECANICA,50,60,no_ingresante,1
2022,INGENIERIA MECANICA,60,70,ingresante,15
2022,INGENIERIA MECANICA,60,70,no_ingresante,4
2022,INGENIERIA MECANICA,70,80,ingresante,29
2022,INGENIERIA MECANICA,70,80,no_ingresante,1
2022,INGENIERIA MECANICA,80,90,ingresante,17
2022,INGENIERIA MECANICA,110,120,ingresante,5
2022,INGENIERIA MECANICA,130,140,ingresante,3
2022,INGENIERIA MECANICA,140,150,ingresante,2
2022,INGENIERIA MECANICA,150,160,ingresante,4
2022,INGENIERIA MECANICA,160,170,ingresante,4
2022,INGENIERIA MECANICA,170,180,ingresante,1
2022,INGENIERIA MECANICA,180,190,ingresante,2
2022,INGENIERIA MECANICA,190,200,ingresante,6
2022,INGENIERIA MECANICA,200,210,ingresante,2
2022,INGENIERIA MECANICA,210,220,ingresante,3
2022,INGENIERIA MECANICA,220,230,ingresante,2
2022,INGENIERIA MECANICA,230,240,ingresante,3
2022,INGENIERIA MECANICA,240,250,ingresante,2
2022,INGENIERIA MECANICA ELECTRICA,0,10,no_ingresante,2
2022,INGENIERIA MECANICA ELECTRICA,40,50,ingresante,3
2022,INGENIERIA MECANICA ELECTRICA,50,60,ingresante,4
2022,INGENIERIA MECANICA ELECTRICA,60,70,ingresante,3
2022,INGENIERIA MECANICA ELECTRICA,70,80,ingresante,16
2022,INGENIERIA MECANICA ELECTRICA,80,90,ingresante,12
2022,INGENIERIA MECANICA ELECTRICA,150,160,ingresante,2
2022,INGENIERIA MECANICA ELECTRICA,170,180,ingresante,1
2022,INGENIERIA MECANICA ELECTRICA,180,190,ingresante,1
2022,INGENIERIA MECANICA ELECTRICA,200,210,ingresante,1
2022,INGENIERIA MECANICA ELECTRICA,220,230,ingresante,1
2022,INGENIERIA MECATRONICA,0,10,no_ingresante,4
2022,INGENIERIA MECATRONICA,40,50,ingresante,3
2022,INGENIERIA MECATRONICA,50,60,ingresante,5
2022,INGENIERIA MECATRONICA,60,70,ingresante,25
2022,INGENIERIA MECATRONICA,60,70,no_ingresante,1
2022,INGENIERIA MECATRONICA,70,80,ingresante,43
2022,INGENIERIA MECATRONICA,80,90,ingresante,33
2022,INGENIERIA MECATRONICA,90,100,ingresante,9
2022,INGENIERIA MECATRONICA,100,110,ingresante,2
2022,INGENIERIA MECATRONICA,110,120,ingresante,2
2022,INGENIERIA MECATRONICA,120,130,ingresante,1
2022,INGENIERIA MECATRONICA,130,140,ingresante,1
2022,INGENIERIA MECATRONICA,140,150,ingresante,3
2022,INGENIERIA MECATRONICA,150,160,ingresante,1
2022,INGENIERIA MECATRONICA,160,170,ingresante,1
2022,INGENIERIA MECATRONICA,170,180,ingresante,1
2022,INGENIERIA MECATRONICA,180,190,ingresante,7
2022,INGENIERIA MECATRONICA,190,200,ingresante,2
2022,INGENIERIA MECATRONICA,200,210,ingresante,9
2022,INGENIERIA MECATRONICA,210,220,ingresante,5
2022,INGENIERIA MECATRONICA,220,230,ingresante,2
2022,INGENIERIA MECATRONICA,250,260,ingresante,2
2022,MEDICINA HUMANA,0,10,no_ingresante,36
2022,MEDICINA HUMANA,10,20,no_ingresante,27
2022,MEDICINA HUMANA,20,30,ingresante,7
2022,MEDICINA HUMANA,20,30,no_ingresante,11
2022,MEDICINA HUMANA,30,40,ingresante,1
2022,MEDICINA HUMANA,30,40,no_ingresante,3
2022,MEDICINA HUMANA,40,50,no_ingresante,15
2022,MEDICINA HUMANA,50,60,no_ingresante,76
2022,MEDICINA HUMANA,60,70,no_ingresante,178
2022,MEDICINA HUMANA,70,80,no_ingresante,329
2022,MEDICINA HUMANA,80,90,ingresante,2
2022,MEDICINA HUMANA,80,90,no_ingresante,543
2022,MEDICINA HUMANA,90,100,ingresante,10
2022,MEDICINA HUMANA,90,100,no_ingresante,462
2022,MEDICINA HUMANA,100,110,ingresante,46
2022,MEDICINA HUMANA,100,110,no_ingresante,54
2022,MEDICINA HUMANA,110,120,no_ingresante,36
2022,MEDICINA HUMANA,120,130,no_ingresante,26
2022,MEDICINA HUMANA,130,140,no_ingresante,34
2022,MEDICINA HUMANA,140,150,no_ingresante,33
2022,MEDICINA HUMANA,150,160,no_ingresante,51
2022,MEDICINA HUMANA,160,170,no_ingresante,80
2022,MEDICINA HUMANA,170,180,no_ingresante,75
2022,MEDICINA HUMANA,180,190,no_ingresante,77
2022,MEDICINA HUMANA,190,200,no_ingresante,70
2022,MEDICINA HUMANA,200,210,no_ingresante,116
2022,MEDICINA HUMANA,210,220,no_ingresante,142
2022,MEDICINA HUMANA,220,230,ingresante,3
2022,MEDICINA HUMANA,220,230,no_ingresante,174
2022,MEDICINA HUMANA,230,240,ingresante,8
2022,MEDICINA HUMANA,230,240,no_ingresante,201
2022,MEDICINA HUMANA,240,250,ingresante,6
2022,MEDICINA HUMANA,240,250,no_ingresante,218
2022,MEDICINA HUMANA,250,260,ingresante,32
2022,MEDICINA HUMANA,250,260,no_ingresante,95
2022,MEDICINA HUMANA,260,270,ingresante,29
2022,MEDICINA HUMANA,260,270,no_ingresante,8
2022,MEDICINA HUMANA,270,280,ingresante,5
2022,MEDICINA HUMANA,270,280,no_ingresante,1
2022,MEDICINA HUMANA,280,290,ingresante,1
2022,MEDICINA VETERINARIA Y ZOOTECNIA,0,10,no_ingresante,3
2022,MEDICINA VETERINARIA Y ZOOTECNIA,10,20,ingresante,1
2022,MEDICINA VETERINARIA Y ZOOTECNIA,10,20,no_ingresante,1
2022,MEDICINA VETERINARIA Y ZOOTECNIA,20,30,ingresante,1
2022,MEDICINA VETERINARIA Y ZOOTECNIA,30,40,ingresante,1
2022,MEDICINA VETERINARIA Y ZOOTECNIA,40,50,ingresante,3
2022,MEDICINA VETERINARIA Y ZOOTECNIA,40,50,no_ingresante,6
2022,MEDICINA VETERINARIA Y ZOOTECNIA,50,60,ingresante,6
2022,MEDICINA VETERINARIA Y ZOOTECNIA,50,60,no_ingresante,16
2022,MEDICINA VETERINARIA Y ZOOTECNIA,60,70,ingresante,18
2022,MEDICINA VETERINARIA Y ZOOTECNIA,60,70,no_ingresante,54
2022,MEDICINA VETERINARIA Y ZOOTECNIA,70,80,ingresante,75
2022,MEDICINA VETERINARIA Y ZOOTECNIA,70,80,no_ingresante,28
2022,MEDICINA VETERINARIA Y ZOOTECNIA,80,90,ingresante,51
2022,MEDICINA VETERINARIA Y ZOOTECNIA,80,90,no_ingresante,7
2022,MEDICINA VETERINARIA Y ZOOTECNIA,90,100,ingresante,5
2022,MEDICINA VETERINARIA Y ZOOTECNIA,90,100,no_ingresante,5
2022,MEDICINA VETERINARIA Y ZOOTECNIA,100,110,no_ingresante,1
2022,MEDICINA VETERINARIA Y ZOOTECNIA,110,120,ingresante,2
2022,MEDICINA VETERINARIA Y ZOOTECNIA,110,120,no_ingresante,2
2022,MEDICINA VETERINARIA Y ZOOTECNIA,120,130,no_ingresante,1
2022,MEDICINA VETERINARIA Y ZOOTECNIA,130,140,ingresante,3
2022,MEDICINA VETERINARIA Y ZOOTECNIA,130,140,no_ingresante,2
2022,MEDICINA VETERINARIA Y ZOOTECNIA,140,150,ingresante,3
2022,MEDICINA VETERINARIA Y ZOOTECNIA,140,150,no_ingresante,2
2022,MEDICINA VETERINARIA Y ZOOTECNIA,150,160,ingresante,4
2022,MEDICINA VETERINARIA Y ZOOTECNIA,160,170,ingresante,7
2022,MEDICINA VETERINARIA Y ZOOTECNIA,160,170,no_ingresante,2
2022,MEDICINA VETERINARIA Y ZOOTECNIA,170,180,ingresante,19
2022,MEDICINA VETERINARIA Y ZOOTECNIA,180,190,ingresante,17
2022,MEDICINA VETERINARIA Y ZOOTECNIA,190,200,ingresante,9
2022,MEDICINA VETERINARIA Y ZOOTECNIA,200,210,ingresante,8
2022,MEDICINA VETERINARIA Y ZOOTECNIA,210,220,ingresante,6
2022,MEDICINA VETERINARIA Y ZOOTECNIA,220,230,ingresante,6
2022,MEDICINA VETERINARIA Y ZOOTECNIA,230,240,ingresante,5
2022,OBSTETRICIA Y PUERICULTURA,0,10,ingresante,1
2022,OBSTETRICIA Y PUERICULTURA,0,10,no_ingresante,2
2022,OBSTETRICIA Y PUERICULTURA,10,20,no_ingresante,5
2022,OBSTETRICIA Y PUERICULTURA,20,30,ingresante,1
2022,OBSTETRICIA Y PUERICULTURA,40,50,no_ingresante,1
2022,OBSTETRICIA Y PUERICULTURA,50,60,no_ingresante,16
2022,OBSTETRICIA Y PUERICULTURA,60,70,ingresante,8
2022,OBSTETRICIA Y PUERICULTURA,60,70,no_ingresante,22
2022,OBSTETRICIA Y PUERICULTURA,70,80,ingresante,13
2022,OBSTETRICIA Y PUERICULTURA,70,80,no_ingresante,27
2022,OBSTETRICIA Y PUERICULTURA,80,90,ingresante,6
2022,OBSTETRICIA Y PUERICULTURA,80,90,no_ingresante,9
2022,OBSTETRICIA Y PUERICULTURA,90,100,ingresante,2
2022,OBSTETRICIA Y PUERICULTURA,90,100,no_ingresante,1
2022,OBSTETRICIA Y PUERICULTURA,100,110,ingresante,1
2022,OBSTETRICIA Y PUERICULTURA,120,130,ingresante,3
2022,OBSTETRICIA Y PUERICULTURA,160,170,ingresante,1
2022,OBSTETRICIA Y PUERICULTURA,170,180,ingresante,1
2022,OBSTETRICIA Y PUERICULTURA,180,190,ingresante,3
2022,OBSTETRICIA Y PUERICULTURA,210,220,ingresante,1
2022,OBSTETRICIA Y PUERICULTURA,230,240,ingresante,1
2022,ODONTOLOGIA,0,10,no_ingresante,3
2022,ODONTOLOGIA,10,20,ingresante,3
2022,ODONTOLOGIA,10,20,no_ingresante,5
2022,ODONTOLOGIA,20,30,no_ingresante,3
2022,ODONTOLOGIA,40,50,no_ingresante,2
2022,ODONTOLOGIA,50,60,no_ingresante,14
2022,ODONTOLOGIA,60,70,ingresante,2
2022,ODONTOLOGIA,60,70,no_ingresante,41
2022,ODONTOLOGIA,70,80,ingresante,32
2022,ODONTOLOGIA,70,80,no_ingresante,33
2022,ODONTOLOGIA,80,90,ingresante,18
2022,ODONTOLOGIA,80,90,no_ingresante,39
2022,ODONTOLOGIA,90,100,ingresante,4
2022,ODONTOLOGIA,90,100,no_ingresante,15
2022,ODONTOLOGIA,110,120,no_ingresante,2
2022,ODONTOLOGIA,120,130,no_ingresante,2
2022,ODONTOLOGIA,130,140,ingresante,1
2022,ODONTOLOGIA,130,140,no_ingresante,2
2022,ODONTOLOGIA,150,160,ingresante,1
2022,ODONTOLOGIA,160,170,ingresante,2
2022,ODONTOLOGIA,170,180,ingresante,2
2022,ODONTOLOGIA,180,190,ingresante,4
2022,ODONTOLOGIA,190,200,ingresante,8
2022,ODONTOLOGIA,200,210,ingresante,4
2022,ODONTOLOGIA,210,220,ingresante,2
2022,ODONTOLOGIA,220,230,ingresante,2
2022,ODONTOLOGIA,230,240,ingresante,3
2022,ODONTOLOGIA,240,250,ingresante,1
2022,PSICOLOGIA,0,10,no_ingresante,10
2022,PSICOLOGIA,10,20,ingresante,3
2022,PSICOLOGIA,10,20,no_ingresante,6
2022,PSICOLOGIA,20,30,ingresante,1
2022,PSICOLOGIA,40,50,no_ingresante,3
2022,PSICOLOGIA,50,60,no_ingresante,30
2022,PSICOLOGIA,60,70,no_ingresante,72
2022,PSICOLOGIA,70,80,ingresante,15
2022,PSICOLOGIA,70,80,no_ingresante,71
2022,PSICOLOGIA,80,90,ingresante,29
2022,PSICOLOGIA,80,90,no_ingresante,19
2022,PSICOLOGIA,90,100,ingresante,2
2022,PSICOLOGIA,90,100,no_ingresante,10
2022,PSICOLOGIA,100,110,ingresante,1
2022,PSICOLOGIA,100,110,no_ingresante,3
2022,PSICOLOGIA,110,120,no_ingresante,2
2022,PSICOLOGIA,130,140,no_ingresante,1
2022,PSICOLOGIA,140,150,no_ingresante,1
2022,PSICOLOGIA,150,160,ingresante,1
2022,PSICOLOGIA,160,170,ingresante,1
2022,PSICOLOGIA,170,180,ingresante,3
2022,PSICOLOGIA,180,190,ingresante,5
2022,PSICOLOGIA,190,200,ingresante,4
2022,PSICOLOGIA,200,210,ingresante,2
2022,PSICOLOGIA,210,220,ingresante,4
2022,PSICOLOGIA,220,230,ingresante,1
2022,PSICOLOGIA,230,240,ingresante,1
2022,PUBLICIDAD Y MULTIMEDIA,0,10,no_ingresante,1
2022,PUBLICIDAD Y MULTIMEDIA,10,20,no_ingresante,1
2022,PUBLICIDAD Y MULTIMEDIA,30,40,ingresante,1
2022,PUBLICIDAD Y MULTIMEDIA,40,50,ingresante,4
2022,PUBLICIDAD Y MULTIMEDIA,40,50,no_ingresante,2
2022,PUBLICIDAD Y MULTIMEDIA,50,60,ingresante,7
2022,PUBLICIDAD Y MULTIMEDIA,50,60,no_ingresante,10
2022,PUBLICIDAD Y MULTIMEDIA,60,70,ingresante,14
2022,PUBLICIDAD Y MULTIMEDIA,60,70,no_ingresante,24
2022,PUBLICIDAD Y MULTIMEDIA,70,80,ingresante,44
2022,PUBLICIDAD Y MULTIMEDIA,70,80,no_ingresante,39
2022,PUBLICIDAD Y MULTIMEDIA,80,90,ingresante,67
2022,PUBLICIDAD Y MULTIMEDIA,90,100,ingresante,9
2022,PUBLICIDAD Y MULTIMEDIA,100,110,ingresante,1
2022,PUBLICIDAD Y MULTIMEDIA,110,120,ingresante,3
2022,PUBLICIDAD Y MULTIMEDIA,110,120,no_ingresante,1
2022,PUBLICIDAD Y MULTIMEDIA,120,130,ingresante,1
2022,PUBLICIDAD Y MULTIMEDIA,120,130,no_ingresante,1
2022,PUBLICIDAD Y MULTIMEDIA,130,140,no_ingresante,1
2022,PUBLICIDAD Y MULTIMEDIA,140,150,ingresante,6
2022,PUBLICIDAD Y MULTIMEDIA,140,150,no_ingresante,1
2022,PUBLICIDAD Y MULTIMEDIA,150,160,ingresante,4
2022,PUBLICIDAD Y MULTIMEDIA,150,160,no_ingresante,1
2022,PUBLICIDAD Y MULTIMEDIA,160,170,ingresante,7
2022,PUBLICIDAD Y MULTIMEDIA,170,180,ingresante,7
2022,PUBLICIDAD Y MULTIMEDIA,180,190,ingresante,6
2022,PUBLICIDAD Y MULTIMEDIA,190,200,ingresante,5
2022,PUBLICIDAD Y MULTIMEDIA,200,210,ingresante,10
2022,PUBLICIDAD Y MULTIMEDIA,210,220,ingresante,7
2022,PUBLICIDAD Y MULTIMEDIA,220,230,ingresante,10
2022,PUBLICIDAD Y MULTIMEDIA,230,240,ingresante,7
2022,PUBLICIDAD Y MULTIMEDIA,240,250,ingresante,4
2022,PUBLICIDAD Y MULTIMEDIA,250,260,ingresante,5
2023,ADMINISTRACION DE EMPRESAS,0,10,no_ingresante,2
2023,ADMINISTRACION DE EMPRESAS,10,20,ingresante,2
2023,ADMINISTRACION DE EMPRESAS,10,20,no_ingresante,4
2023,ADMINISTRACION DE EMPRESAS,20,30,ingresante,3
2023,ADMINISTRACION DE EMPRESAS,20,30,no_ingresante,2
2023,ADMINISTRACION DE EMPRESAS,40,50,no_ingresante,3
2023,ADMINISTRACION DE EMPRESAS,50,60,ingresante,2
2023,ADMINISTRACION DE EMPRESAS,50,60,no_ingresante,18
2023,ADMINISTRACION DE EMPRESAS,60,70,ingresante,45
2023,ADMINISTRACION DE EMPRESAS,60,70,no_ingresante,18
2023,ADMINISTRACION DE EMPRESAS,70,80,ingresante,65
2023,ADMINISTRACION DE EMPRESAS,80,90,ingresante,52
2023,ADMINISTRACION DE EMPRESAS,80,90,no_ingresante,2
2023,ADMINISTRACION DE EMPRESAS,90,100,ingresante,4
2023,ADMINISTRACION DE EMPRESAS,100,110,ingresante,2
2023,ADMINISTRACION DE EMPRESAS,100,110,no_ingresante,1
2023,ADMINISTRACION DE EMPRESAS,110,120,no_ingresante,2
2023,ADMINISTRACION DE EMPRESAS,130,140,no_ingresante,2
2023,ADMINISTRACION DE EMPRESAS,150,160,ingresante,5
2023,ADMINISTRACION DE EMPRESAS,150,160,no_ingresante,1
2023,ADMINISTRACION DE EMPRESAS,160,170,ingresante,3
2023,ADMINISTRACION DE EMPRESAS,160,170,no_ingresante,1
2023,ADMINISTRACION DE EMPRESAS,170,180,ingresante,5
2023,ADMINISTRACION DE EMPRESAS,180,190,ingresante,2
2023,ADMINISTRACION DE EMPRESAS,190,200,ingresante,5
2023,ADMINISTRACION DE EMPRESAS,200,210,ingresante,3
2023,ADMINISTRACION DE EMPRESAS,210,220,ingresante,2
2023,ADMINISTRACION DE EMPRESAS,220,230,ingresante,1
2023,ADMINISTRACION DE EMPRESAS,230,240,ingresante,4
2023,ADMINISTRACION DE EMPRESAS,240,250,ingresante,1
2023,ADMINISTRACION DE EMPRESAS,250,260,ingresante,1
2023,APRESTAMIENTO,20,30,no_ingresante,1
2023,APRESTAMIENTO,30,40,no_ingresante,1
2023,APRESTAMIENTO,40,50,no_ingresante,1
2023,APRESTAMIENTO,90,100,no_ingresante,1
2023,APRESTAMIENTO,140,150,no_ingresante,1
2023,APRESTAMIENTO,160,170,no_ingresante,1
2023,ARQUITECTURA,0,10,no_ingresante,1
2023,ARQUITECTURA,10,20,ingresante,3
2023,ARQUITECTURA,10,20,no_ingresante,3
2023,ARQUITECTURA,20,30,ingresante,1
2023,ARQUITECTURA,20,30,no_ingresante,2
2023,ARQUITECTURA,40,50,no_ingresante,2
2023,ARQUITECTURA,50,60,no_ingresante,18
2023,ARQUITECTURA,60,70,ingresante,12
2023,ARQUITECTURA,60,70,no_ingresante,33
2023,ARQUITECTURA,70,80,ingresante,60
2023,ARQUITECTURA,70,80,no_ingresante,20
2023,ARQUITECTURA,80,90,ingresante,51
2023,ARQUITECTURA,80,90,no_ingresante,1
2023,ARQUITECTURA,90,100,ingresante,17
2023,ARQUITECTURA,90,100,no_ingresante,1
2023,ARQUITECTURA,100,110,ingresante,8
2023,ARQUITECTURA,100,110,no_ingresante,2
2023,ARQUITECTURA,110,120,ingresante,1
2023,ARQUITECTURA,110,120,no_ingresante,1
2023,ARQUITECTURA,120,130,ingresante,4
2023,ARQUITECTURA,120,130,no_ingresante,1
2023,ARQUITECTURA,130,140,ingresante,2
2023,ARQUITECTURA,130,140,no_ingresante,4
2023,ARQUITECTURA,140,150,ingresante,3
2023,ARQUITECTURA,140,150,no_ingresante,1
2023,ARQUITECTURA,150,160,ingresante,4
2023,ARQUITECTURA,160,170,ingresante,2
2023,ARQUITECTURA,170,180,ingresante,5
2023,ARQUITECTURA,180,190,ingresante,7
2023,ARQUITECTURA,190,200,ingresante,11
2023,ARQUITECTURA,200,210,ingresante,5
2023,ARQUITECTURA,210,220,ingresante,6
2023,ARQUITECTURA,220,230,ingresante,3
2023,ARQUITECTURA,230,240,ingresante,4
2023,ARQUITECTURA,240,250,ingresante,2
2023,CIENCIA POLITICA Y GOBIERNO,40,50,no_ingresante,2
2023,CIENCIA POLITICA Y GOBIERNO,50,60,no_ingresante,1
2023,CIENCIA POLITICA Y GOBIERNO,60,70,ingresante,9
2023,CIENCIA POLITICA Y GOBIERNO,70,80,ingresante,14
2023,CIENCIA POLITICA Y GOBIERNO,70,80,no_ingresante,1
2023,CIENCIA POLITICA Y GOBIERNO,80,90,ingresante,9
2023,CIENCIA POLITICA Y GOBIERNO,90,100,ingresante,7
2023,CIENCIA POLITICA Y GOBIERNO,110,120,no_ingresante,1
2023,CIENCIA POLITICA Y GOBIERNO,160,170,ingresante,1
2023,CIENCIA POLITICA Y GOBIERNO,170,180,ingresante,1
2023,CIENCIA POLITICA Y GOBIERNO,200,210,ingresante,2
2023,CIENCIA POLITICA Y GOBIERNO,210,220,ingresante,1
2023,COMUNICACION SOCIAL,20,30,ingresante,1
2023,COMUNICACION SOCIAL,20,30,no_ingresante,1
2023,COMUNICACION SOCIAL,30,40,no_ingresante,1
2023,COMUNICACION SOCIAL,40,50,no_ingresante,1
2023,COMUNICACION SOCIAL,50,60,ingresante,2
2023,COMUNICACION SOCIAL,50,60,no_ingresante,2
2023,COMUNICACION SOCIAL,60,70,ingresante,15
2023,COMUNICACION SOCIAL,60,70,no_ingresante,3
2023,COMUNICACION SOCIAL,70,80,ingresante,30
2023,COMUNICACION SOCIAL,80,90,ingresante,19
2023,COMUNICACION SOCIAL,90,100,ingresante,4
2023,COMUNICACION SOCIAL,100,110,ingresante,1
2023,COMUNICACION SOCIAL,110,120,no_ingresante,1
2023,COMUNICACION SOCIAL,120,130,ingresante,1
2023,COMUNICACION SOCIAL,130,140,no_ingresante,1
2023,COMUNICACION SOCIAL,140,150,no_ingresante,1
2023,COMUNICACION SOCIAL,150,160,ingresante,1
2023,COMUNICACION SOCIAL,170,180,ingresante,1
2023,COMUNICACION SOCIAL,180,190,ingresante,1
2023,COMUNICACION SOCIAL,190,200,ingresante,4
2023,COMUNICACION SOCIAL,200,210,ingresante,1
2023,COMUNICACION SOCIAL,210,220,ingresante,3
2023,COMUNICACION SOCIAL,230,240,ingresante,1
2023,COMUNICACION SOCIAL,240,250,ingresante,1
2023,CONTABILIDAD,0,10,no_ingresante,2
2023,CONTABILIDAD,10,20,no_ingresante,1
2023,CONTABILIDAD,20,30,ingresante,1
2023,CONTABILIDAD,20,30,no_ingresante,2
2023,CONTABILIDAD,40,50,no_ingresante,3
2023,CONTABILIDAD,50,60,ingresante,1
2023,CONTABILIDAD,50,60,no_ingresante,7
2023,CONTABILIDAD,60,70,ingresante,16
2023,CONTABILIDAD,60,70,no_ingresante,1
2023,CONTABILIDAD,70,80,ingresante,26
2023,CONTABILIDAD,80,90,ingresante,13
2023,CONTABILIDAD,90,100,ingresante,6
2023,CONTABILIDAD,90,100,no_ingresante,1
2023,CONTABILIDAD,130,140,ingresante,3
2023,CONTABILIDAD,160,170,ingresante,1
2023,CONTABILIDAD,190,200,ingresante,1
2023,CONTABILIDAD,200,210,ingresante,1
2023,CONTABILIDAD,210,220,ingresante,2
2023,CONTABILIDAD,220,230,ingresante,1
2023,DERECHO,10,20,ingresante,1
2023,DERECHO,10,20,no_ingresante,9
2023,DERECHO,20,30,ingresante,6
2023,DERECHO,20,30,no_ingresante,4
2023,DERECHO,30,40,no_ingresante,1
2023,DERECHO,40,50,no_ingresante,11
2023,DERECHO,50,60,no_ingresante,35
2023,DERECHO,60,70,ingresante,1
2023,DERECHO,60,70,no_ingresante,60
2023,DERECHO,70,80,ingresante,10
2023,DERECHO,70,80,no_ingresante,98
2023,DERECHO,80,90,ingresante,105
2023,DERECHO,80,90,no_ingresante,30
2023,DERECHO,90,100,ingresante,58
2023,DERECHO,90,100,no_ingresante,6
2023,DERECHO,100,110,ingresante,9
2023,DERECHO,100,110,no_ingresante,6
2023,DERECHO,110,120,ingresante,1
2023,DERECHO,120,130,ingresante,3
2023,DERECHO,120,130,no_ingresante,3
2023,DERECHO,130,140,ingresante,7
2023,DERECHO,140,150,ingresante,3
2023,DERECHO,140,150,no_ingresante,8
2023,DERECHO,150,160,ingresante,8
2023,DERECHO,150,160,no_ingresante,6
2023,DERECHO,160,170,ingresante,12
2023,DERECHO,160,170,no_ingresante,1
2023,DERECHO,170,180,ingresante,19
2023,DERECHO,180,190,ingresante,13
2023,DERECHO,190,200,ingresante,20
2023,DERECHO,200,210,ingresante,18
2023,DERECHO,210,220,ingresante,22
2023,DERECHO,220,230,ingresante,16
2023,DERECHO,230,240,ingresante,7
2023,DERECHO,240,250,ingresante,6
2023,DERECHO,250,260,ingresante,4
2023,DERECHO,260,270,ingresante,1
2023,EDUCACION INICIAL,10,20,ingresante,1
2023,EDUCACION INICIAL,50,60,ingresante,1
2023,EDUCACION INICIAL,50,60,no_ingresante,1
2023,EDUCACION INICIAL,60,70,ingresante,17
2023,EDUCACION INICIAL,70,80,ingresante,13
2023,EDUCACION INICIAL,80,90,ingresante,6
2023,EDUCACION INICIAL,90,100,ingresante,1
2023,EDUCACION INICIAL,100,110,ingresante,1
2023,EDUCACION INICIAL,100,110,no_ingresante,1
2023,EDUCACION INICIAL,150,160,ingresante,1
2023,EDUCACION INICIAL,170,180,ingresante,1
2023,EDUCACION INICIAL,190,200,ingresante,1
2023,EDUCACION INICIAL,200,210,ingresante,1
2023,EDUCACION INICIAL,220,230,ingresante,1
2023,ENFERMERIA,0,10,no_ingresante,4
2023,ENFERMERIA,10,20,ingresante,1
2023,ENFERMERIA,10,20,no_ingresante,13
2023,ENFERMERIA,20,30,ingresante,3
2023,ENFERMERIA,20,30,no_ingresante,3
2023,ENFERMERIA,40,50,no_ingresante,11
2023,ENFERMERIA,50,60,ingresante,2
2023,ENFERMERIA,50,60,no_ingresante,35
2023,ENFERMERIA,60,70,ingresante,5
2023,ENFERMERIA,60,70,no_ingresante,95
2023,ENFERMERIA,70,80,ingresante,13
2023,ENFERMERIA,70,80,no_ingresante,95
2023,ENFERMERIA,80,90,ingresante,9
2023,ENFERMERIA,80,90,no_ingresante,57
2023,ENFERMERIA,90,100,ingresante,3
2023,ENFERMERIA,90,100,no_ingresante,50
2023,ENFERMERIA,100,110,ingresante,8
2023,ENFERMERIA,100,110,no_ingresante,8
2023,ENFERMERIA,110,120,no_ingresante,6
2023,ENFERMERIA,120,130,no_ingresante,8
2023,ENFERMERIA,130,140,no_ingresante,3
2023,ENFERMERIA,140,150,no_ingresante,5
2023,ENFERMERIA,150,160,no_ingresante,12
2023,ENFERMERIA,160,170,no_ingresante,19
2023,ENFERMERIA,170,180,no_ingresante,21
2023,ENFERMERIA,180,190,no_ingresante,13
2023,ENFERMERIA,190,200,no_ingresante,5
2023,ENFERMERIA,200,210,no_ingresante,2
2023,FARMACIA Y BIOQUIMICA,0,10,no_ingresante,1
2023,FARMACIA Y BIOQUIMICA,10,20,ingresante,4
2023,FARMACIA Y BIOQUIMICA,10,20,no_ingresante,2
2023,FARMACIA Y BIOQUIMICA,40,50,no_ingresante,3
2023,FARMACIA Y BIOQUIMICA,50,60,no_ingresante,25
2023,FARMACIA Y BIOQUIMICA,60,70,ingresante,8
2023,FARMACIA Y BIOQUIMICA,60,70,no_ingresante,36
2023,FARMACIA Y BIOQUIMICA,70,80,ingresante,6
2023,FARMACIA Y BIOQUIMICA,70,80,no_ingresante,28
2023,FARMACIA Y BIOQUIMICA,80,90,ingresante,5
2023,FARMACIA Y BIOQUIMICA,80,90,no_ingresante,15
2023,FARMACIA Y BIOQUIMICA,90,100,ingresante,6
2023,FARMACIA Y BIOQUIMICA,90,100,no_ingresante,5
2023,FARMACIA Y BIOQUIMICA,100,110,ingresante,2
2023,FARMACIA Y BIOQUIMICA,100,110,no_ingresante,2
2023,FARMACIA Y BIOQUIMICA,120,130,no_ingresante,2
2023,FARMACIA Y BIOQUIMICA,130,140,no_ingresante,1
2023,FARMACIA Y BIOQUIMICA,140,150,no_ingresante,2
2023,INGENIERIA AGRONOMICA Y AGRICOLA,10,20,ingresante,1
2023,INGENIERIA AGRONOMICA Y AGRICOLA,40,50,no_ingresante,3
2023,INGENIERIA AGRONOMICA Y AGRICOLA,50,60,ingresante,1
2023,INGENIERIA AGRONOMICA Y AGRICOLA,50,60,no_ingresante,6
2023,INGENIERIA AGRONOMICA Y AGRICOLA,60,70,ingresante,17
2023,INGENIERIA AGRONOMICA Y AGRICOLA,70,80,ingresante,17
2023,INGENIERIA AGRONOMICA Y AGRICOLA,80,90,ingresante,7
2023,INGENIERIA AGRONOMICA Y AGRICOLA,90,100,ingresante,1
2023,INGENIERIA AGRONOMICA Y AGRICOLA,150,160,ingresante,1
2023,INGENIERIA AGRONOMICA Y AGRICOLA,160,170,ingresante,1
2023,INGENIERIA AGRONOMICA Y AGRICOLA,170,180,ingresante,3
2023,INGENIERIA AGRONOMICA Y AGRICOLA,200,210,ingresante,1
2023,INGENIERIA AMBIENTAL,0,10,no_ingresante,1
2023,INGENIERIA AMBIENTAL,10,20,ingresante,2
2023,INGENIERIA AMBIENTAL,10,20,no_ingresante,2
2023,INGENIERIA AMBIENTAL,20,30,no_ingresante,2
2023,INGENIERIA AMBIENTAL,30,40,no_ingresante,1
2023,INGENIERIA AMBIENTAL,40,50,no_ingresante,1
2023,INGENIERIA AMBIENTAL,50,60,no_ingresante,6
2023,INGENIERIA AMBIENTAL,60,70,ingresante,9
2023,INGENIERIA AMBIENTAL,60,70,no_ingresante,16
2023,INGENIERIA AMBIENTAL,70,80,ingresante,24
2023,INGENIERIA AMBIENTAL,70,80,no_ingresante,10
2023,INGENIERIA AMBIENTAL,80,90,ingresante,19
2023,INGENIERIA AMBIENTAL,90,100,ingresante,3
2023,INGENIERIA AMBIENTAL,90,100,no_ingresante,2
2023,INGENIERIA AMBIENTAL,100,110,ingresante,3
2023,INGENIERIA AMBIENTAL,110,120,no_ingresante,1
2023,INGENIERIA AMBIENTAL,120,130,ingresante,1
2023,INGENIERIA AMBIENTAL,150,160,no_ingresante,1
2023,INGENIERIA AMBIENTAL,160,170,ingresante,1
2023,INGENIERIA AMBIENTAL,170,180,ingresante,2
2023,INGENIERIA AMBIENTAL,180,190,ingresante,2
2023,INGENIERIA AMBIENTAL,200,210,ingresante,3
2023,INGENIERIA AMBIENTAL,210,220,ingresante,1
2023,INGENIERIA AMBIENTAL,220,230,ingresante,1
2023,INGENIERIA BIOTECNOLOGICA,0,10,no_ingresante,1
2023,INGENIERIA BIOTECNOLOGICA,10,20,no_ingresante,1
2023,INGENIERIA BIOTECNOLOGICA,20,30,no_ingresante,1
2023,INGENIERIA BIOTECNOLOGICA,40,50,no_ingresante,1
2023,INGENIERIA BIOTECNOLOGICA,60,70,ingresante,1
2023,INGENIERIA BIOTECNOLOGICA,60,70,no_ingresante,13
2023,INGENIERIA BIOTECNOLOGICA,70,80,ingresante,4
2023,INGENIERIA BIOTECNOLOGICA,70,80,no_ingresante,10
2023,INGENIERIA BIOTECNOLOGICA,80,90,ingresante,5
2023,INGENIERIA BIOTECNOLOGICA,80,90,no_ingresante,10
2023,INGENIERIA BIOTECNOLOGICA,90,100,ingresante,8
2023,INGENIERIA BIOTECNOLOGICA,100,110,ingresante,4
2023,INGENIERIA BIOTECNOLOGICA,130,140,no_ingresante,1
2023,INGENIERIA CIVIL,0,10,no_ingresante,4
2023,INGENIERIA CIVIL,10,20,ingresante,2
2023,INGENIERIA CIVIL,10,20,no_ingresante,6
2023,INGENIERIA CIVIL,20,30,ingresante,2
2023,INGENIERIA CIVIL,20,30,no_ingresante,1
2023,INGENIERIA CIVIL,40,50,no_ingresante,6
2023,INGENIERIA CIVIL,50,60,ingresante,1
2023,INGENIERIA CIVIL,50,60,no_ingresante,17
2023,INGENIERIA CIVIL,60,70,ingresante,10
2023,INGENIERIA CIVIL,60,70,no_ingresante,26
2023,INGENIERIA CIVIL,70,80,ingresante,52
2023,INGENIERIA CIVIL,70,80,no_ingresante,22
2023,INGENIERIA CIVIL,80,90,ingresante,54
2023,INGENIERIA CIVIL,80,90,no_ingresante,12
2023,INGENIERIA CIVIL,90,100,ingresante,28
2023,INGENIERIA CIVIL,90,100,no_ingresante,10
2023,INGENIERIA CIVIL,100,110,ingresante,3
2023,INGENIERIA CIVIL,100,110,no_ingresante,1
2023,INGENIERIA CIVIL,110,120,ingresante,1
2023,INGENIERIA CIVIL,120,130,ingresante,1
2023,INGENIERIA CIVIL,120,130,no_ingresante,1
2023,INGENIERIA CIVIL,130,140,ingresante,2
2023,INGENIERIA CIVIL,130,140,no_ingresante,1
2023,INGENIERIA CIVIL,140,150,ingresante,2
2023,INGENIERIA CIVIL,140,150,no_ingresante,1
2023,INGENIERIA CIVIL,150,160,ingresante,6
2023,INGENIERIA CIVIL,160,170,ingresante,3
2023,INGENIERIA CIVIL,170,180,ingresante,4
2023,INGENIERIA CIVIL,180,190,ingresante,9
2023,INGENIERIA CIVIL,190,200,ingresante,7
2023,INGENIERIA CIVIL,200,210,ingresante,9
2023,INGENIERIA CIVIL,210,220,ingresante,6
2023,INGENIERIA CIVIL,220,230,ingresante,3
2023,INGENIERIA CIVIL,230,240,ingresante,1
2023,INGENIERIA CIVIL,240,250,ingresante,1
2023,INGENIERIA CIVIL,250,260,ingresante,3
2023,INGENIERIA COMERCIAL,0,10,no_ingresante,1
2023,INGENIERIA COMERCIAL,10,20,ingresante,1
2023,INGENIERIA COMERCIAL,10,20,no_ingresante,1
2023,INGENIERIA COMERCIAL,20,30,ingresante,2
2023,INGENIERIA COMERCIAL,40,50,no_ingresante,2
2023,INGENIERIA COMERCIAL,50,60,ingresante,1
2023,INGENIERIA COMERCIAL,50,60,no_ingresante,9
2023,INGENIERIA COMERCIAL,60,70,ingresante,19
2023,INGENIERIA COMERCIAL,60,70,no_ingresante,12
2023,INGENIERIA COMERCIAL,70,80,ingresante,45
2023,INGENIERIA COMERCIAL,70,80,no_ingresante,7
2023,INGENIERIA COMERCIAL,80,90,ingresante,31
2023,INGENIERIA COMERCIAL,80,90,no_ingresante,1
2023,INGENIERIA COMERCIAL,90,100,ingresante,16
2023,INGENIERIA COMERCIAL,90,100,no_ingresante,1
2023,INGENIERIA COMERCIAL,100,110,ingresante,2
2023,INGENIERIA COMERCIAL,120,130,no_ingresante,2
2023,INGENIERIA COMERCIAL,130,140,no_ingresante,1
2023,INGENIERIA COMERCIAL,140,150,no_ingresante,4
2023,INGENIERIA COMERCIAL,150,160,ingresante,3
2023,INGENIERIA COMERCIAL,150,160,no_ingresante,1
2023,INGENIERIA COMERCIAL,160,170,ingresante,3
2023,INGENIERIA COMERCIAL,170,180,ingresante,3
2023,INGENIERIA COMERCIAL,180,190,ingresante,9
2023,INGENIERIA COMERCIAL,190,200,ingresante,4
2023,INGENIERIA COMERCIAL,200,210,ingresante,9
2023,INGENIERIA COMERCIAL,210,220,ingresante,6
2023,INGENIERIA COMERCIAL,220,230,ingresante,3
2023,INGENIERIA COMERCIAL,230,240,ingresante,3
2023,INGENIERIA COMERCIAL,240,250,ingresante,1
2023,INGENIERIA COMERCIAL,250,260,ingresante,1
2023,INGENIERIA COMERCIAL,260,270,ingresante,1
2023,INGENIERIA DE INDUSTRIA ALIMENTARIA,0,10,no_ingresante,1
2023,INGENIERIA DE INDUSTRIA ALIMENTARIA,10,20,ingresante,1
2023,INGENIERIA DE INDUSTRIA ALIMENTARIA,50,60,ingresante,2
2023,INGENIERIA DE INDUSTRIA ALIMENTARIA,60,70,ingresante,9
2023,INGENIERIA DE INDUSTRIA ALIMENTARIA,70,80,ingresante,11
2023,INGENIERIA DE INDUSTRIA ALIMENTARIA,80,90,ingresante,1
2023,INGENIERIA DE INDUSTRIA ALIMENTARIA,80,90,no_ingresante,1
2023,INGENIERIA DE INDUSTRIA ALIMENTARIA,90,100,ingresante,1
2023,INGENIERIA DE INDUSTRIA ALIMENTARIA,150,160,ingresante,2
2023,INGENIERIA DE INDUSTRIA ALIMENTARIA,160,170,ingresante,1
2023,INGENIERIA DE INDUSTRIA ALIMENTARIA,190,200,ingresante,1
2023,INGENIERIA DE INDUSTRIA ALIMENTARIA,210,220,ingresante,1
2023,INGENIERIA DE INDUSTRIA ALIMENTARIA,220,230,ingresante,1
2023,INGENIERIA DE MINAS,10,20,ingresante,2
2023,INGENIERIA DE MINAS,10,20,no_ingresante,9
2023,INGENIERIA DE MINAS,40,50,no_ingresante,3
2023,INGENIERIA DE MINAS,50,60,no_ingresante,11
2023,INGENIERIA DE MINAS,60,70,ingresante,9
2023,INGENIERIA DE MINAS,60,70,no_ingresante,22
2023,INGENIERIA DE MINAS,70,80,ingresante,41
2023,INGENIERIA DE MINAS,70,80,no_ingresante,11
2023,INGENIERIA DE MINAS,80,90,ingresante,20
2023,INGENIERIA DE MINAS,80,90,no_ingresante,3
2023,INGENIERIA DE MINAS,90,100,ingresante,5
2023,INGENIERIA DE MINAS,90,100,no_ingresante,3
2023,INGENIERIA DE MINAS,100,110,no_ingresante,1
2023,INGENIERIA DE MINAS,110,120,no_ingresante,3
2023,INGENIERIA DE MINAS,120,130,ingresante,1
2023,INGENIERIA DE MINAS,120,130,no_ingresante,1
2023,INGENIERIA DE MINAS,130,140,ingresante,3
2023,INGENIERIA DE MINAS,140,150,ingresante,2
2023,INGENIERIA DE MINAS,150,160,ingresante,6
2023,INGENIERIA DE MINAS,160,170,ingresante,2
2023,INGENIERIA DE MINAS,160,170,no_ingresante,1
2023,INGENIERIA DE MINAS,170,180,ingresante,3
2023,INGENIERIA DE MINAS,180,190,ingresante,9
2023,INGENIERIA DE MINAS,190,200,ingresante,4
2023,INGENIERIA DE MINAS,200,210,ingresante,5
2023,INGENIERIA DE MINAS,210,220,ingresante,1
2023,INGENIERIA DE MINAS,220,230,ingresante,2
2023,INGENIERIA DE MINAS,230,240,ingresante,2
2023,INGENIERIA DE MINAS,240,250,ingresante,1
2023,INGENIERIA DE SISTEMAS,0,10,no_ingresante,3
2023,INGENIERIA DE SISTEMAS,10,20,ingresante,4
2023,INGENIERIA DE SISTEMAS,10,20,no_ingresante,5
2023,INGENIERIA DE SISTEMAS,40,50,no_ingresante,2
2023,INGENIERIA DE SISTEMAS,50,60,no_ingresante,6
2023,INGENIERIA DE SISTEMAS,60,70,ingresante,17
2023,INGENIERIA DE SISTEMAS,60,70,no_ingresante,34
2023,INGENIERIA DE SISTEMAS,70,80,ingresante,48
2023,INGENIERIA DE SISTEMAS,70,80,no_ingresante,35
2023,INGENIERIA DE SISTEMAS,80,90,ingresante,48
2023,INGENIERIA DE SISTEMAS,80,90,no_ingresante,3
2023,INGENIERIA DE SISTEMAS,90,100,ingresante,15
2023,INGENIERIA DE SISTEMAS,90,100,no_ingresante,3
2023,INGENIERIA DE SISTEMAS,100,110,ingresante,4
2023,INGENIERIA DE SISTEMAS,100,110,no_ingresante,4
2023,INGENIERIA DE SISTEMAS,110,120,no_ingresante,3
2023,INGENIERIA DE SISTEMAS,120,130,ingresante,2
2023,INGENIERIA DE SISTEMAS,120,130,no_ingresante,1
2023,INGENIERIA DE SISTEMAS,130,140,ingresante,6
2023,INGENIERIA DE SISTEMAS,140,150,ingresante,3
2023,INGENIERIA DE SISTEMAS,140,150,no_ingresante,2
2023,INGENIERIA DE SISTEMAS,150,160,ingresante,6
2023,INGENIERIA DE SISTEMAS,160,170,ingresante,6
2023,INGENIERIA DE SISTEMAS,170,180,ingresante,11
2023,INGENIERIA DE SISTEMAS,180,190,ingresante,5
2023,INGENIERIA DE SISTEMAS,190,200,ingresante,9
2023,INGENIERIA DE SISTEMAS,200,210,ingresante,12
2023,INGENIERIA DE SISTEMAS,210,220,ingresante,7
2023,INGENIERIA DE SISTEMAS,220,230,ingresante,2
2023,INGENIERIA DE SISTEMAS,230,240,ingresante,2
2023,INGENIERIA DE SISTEMAS,240,250,ingresante,3
2023,INGENIERIA INDUSTRIAL,0,10,no_ingresante,1
2023,INGENIERIA INDUSTRIAL,10,20,ingresante,3
2023,INGENIERIA INDUSTRIAL,10,20,no_ingresante,6
2023,INGENIERIA INDUSTRIAL,20,30,ingresante,2
2023,INGENIERIA INDUSTRIAL,30,40,no_ingresante,2
2023,INGENIERIA INDUSTRIAL,40,50,no_ingresante,3
2023,INGENIERIA INDUSTRIAL,50,60,no_ingresante,11
2023,INGENIERIA INDUSTRIAL,60,70,ingresante,21
2023,INGENIERIA INDUSTRIAL,60,70,no_ingresante,44
2023,INGENIERIA INDUSTRIAL,70,80,ingresante,68
2023,INGENIERIA INDUSTRIAL,70,80,no_ingresante,38
2023,INGENIERIA INDUSTRIAL,80,90,ingresante,67
2023,INGENIERIA INDUSTRIAL,80,90,no_ingresante,2
2023,INGENIERIA INDUSTRIAL,90,100,ingresante,31
2023,INGENIERIA INDUSTRIAL,90,100,no_ingresante,5
2023,INGENIERIA INDUSTRIAL,100,110,ingresante,8
2023,INGENIERIA INDUSTRIAL,100,110,no_ingresante,3
2023,INGENIERIA INDUSTRIAL,110,120,ingresante,1
2023,INGENIERIA INDUSTRIAL,120,130,ingresante,5
2023,INGENIERIA INDUSTRIAL,120,130,no_ingresante,3
2023,INGENIERIA INDUSTRIAL,130,140,ingresante,1
2023,INGENIERIA INDUSTRIAL,130,140,no_ingresante,2
2023,INGENIERIA INDUSTRIAL,140,150,ingresante,2
2023,INGENIERIA INDUSTRIAL,140,150,no_ingresante,1
2023,INGENIERIA INDUSTRIAL,150,160,ingresante,7
2023,INGENIERIA INDUSTRIAL,150,160,no_ingresante,1
2023,INGENIERIA INDUSTRIAL,160,170,ingresante,7
2023,INGENIERIA INDUSTRIAL,160,170,no_ingresante,1
2023,INGENIERIA INDUSTRIAL,170,180,ingresante,12
2023,INGENIERIA INDUSTRIAL,180,190,ingresante,17
2023,INGENIERIA INDUSTRIAL,190,200,ingresante,11
2023,INGENIERIA INDUSTRIAL,200,210,ingresante,13
2023,INGENIERIA INDUSTRIAL,210,220,ingresante,5
2023,INGENIERIA INDUSTRIAL,220,230,ingresante,3
2023,INGENIERIA MECANICA,0,10,no_ingresante,2
2023,INGENIERIA MECANICA,10,20,no_ingresante,1
2023,INGENIERIA MECANICA,20,30,ingresante,1
2023,INGENIERIA MECANICA,40,50,no_ingresante,2
2023,INGENIERIA MECANICA,50,60,no_ingresante,6
2023,INGENIERIA MECANICA,60,70,ingresante,3
2023,INGENIERIA MECANICA,60,70,no_ingresante,13
2023,INGENIERIA MECANICA,70,80,ingresante,18
2023,INGENIERIA MECANICA,70,80,no_ingresante,8
2023,INGENIERIA MECANICA,80,90,ingresante,21
2023,INGENIERIA MECANICA,80,90,no_ingresante,2
2023,INGENIERIA MECANICA,90,100,ingresante,3
2023,INGENIERIA MECANICA,90,100,no_ingresante,1
2023,INGENIERIA MECANICA,100,110,ingresante,1
2023,INGENIERIA MECANICA,120,130,ingresante,1
2023,INGENIERIA MECANICA,130,140,ingresante,1
2023,INGENIERIA MECANICA,140,150,ingresante,1
2023,INGENIERIA MECANICA,150,160,ingresante,2
2023,INGENIERIA MECANICA,160,170,ingresante,1
2023,INGENIERIA MECANICA,170,180,ingresante,5
2023,INGENIERIA MECANICA,180,190,ingresante,2
2023,INGENIERIA MECANICA,190,200,ingresante,2
2023,INGENIERIA MECANICA,200,210,ingresante,3
2023,INGENIERIA MECANICA,210,220,ingresante,2
2023,INGENIERIA MECANICA,230,240,ingresante,1
2023,INGENIERIA MECANICA ELECTRICA,0,10,no_ingresante,1
2023,INGENIERIA MECANICA ELECTRICA,10,20,ingresante,1
2023,INGENIERIA MECANICA ELECTRICA,40,50,no_ingresante,2
2023,INGENIERIA MECANICA ELECTRICA,50,60,ingresante,3
2023,INGENIERIA MECANICA ELECTRICA,50,60,no_ingresante,1
2023,INGENIERIA MECANICA ELECTRICA,60,70,ingresante,9
2023,INGENIERIA MECANICA ELECTRICA,70,80,ingresante,7
2023,INGENIERIA MECANICA ELECTRICA,80,90,ingresante,5
2023,INGENIERIA MECANICA ELECTRICA,90,100,ingresante,3
2023,INGENIERIA MECANICA ELECTRICA,100,110,ingresante,1
2023,INGENIERIA MECANICA ELECTRICA,150,160,ingresante,3
2023,INGENIERIA MECANICA ELECTRICA,160,170,ingresante,1
2023,INGENIERIA MECANICA ELECTRICA,170,180,ingresante,1
2023,INGENIERIA MECANICA ELECTRICA,190,200,ingresante,1
2023,INGENIERIA MECANICA ELECTRICA,200,210,ingresante,2
2023,INGENIERIA MECANICA ELECTRICA,210,220,ingresante,1
2023,INGENIERIA MECANICA ELECTRICA,220,230,ingresante,1
2023,INGENIERIA MECATRONICA,0,10,no_ingresante,1
2023,INGENIERIA MECATRONICA,10,20,ingresante,1
2023,INGENIERIA MECATRONICA,10,20,no_ingresante,1
2023,INGENIERIA MECATRONICA,30,40,ingresante,1
2023,INGENIERIA MECATRONICA,40,50,no_ingresante,3
2023,INGENIERIA MECATRONICA,50,60,no_ingresante,7
2023,INGENIERIA MECATRONICA,60,70,ingresante,9
2023,INGENIERIA MECATRONICA,60,70,no_ingresante,19
2023,INGENIERIA MECATRONICA,70,80,ingresante,20
2023,INGENIERIA MECATRONICA,70,80,no_ingresante,22
2023,INGENIERIA MECATRONICA,80,90,ingresante,34
2023,INGENIERIA MECATRONICA,80,90,no_ingresante,2
2023,INGENIERIA MECATRONICA,90,100,ingresante,12
2023,INGENIERIA MECATRONICA,90,100,no_ingresante,4
2023,INGENIERIA MECATRONICA,100,110,ingresante,4
2023,INGENIERIA MECATRONICA,100,110,no_ingresante,1
2023,INGENIERIA MECATRONICA,110,120,ingresante,1
2023,INGENIERIA MECATRONICA,120,130,ingresante,1
2023,INGENIERIA MECATRONICA,130,140,no_ingresante,2
2023,INGENIERIA MECATRONICA,140,150,ingresante,6
2023,INGENIERIA MECATRONICA,150,160,ingresante,1
2023,INGENIERIA MECATRONICA,160,170,ingresante,2
2023,INGENIERIA MECATRONICA,170,180,ingresante,1
2023,INGENIERIA MECATRONICA,180,190,ingresante,5
2023,INGENIERIA MECATRONICA,190,200,ingresante,6
2023,INGENIERIA MECATRONICA,200,210,ingresante,1
2023,INGENIERIA MECATRONICA,210,220,ingresante,1
2023,INGENIERIA MECATRONICA,220,230,ingresante,5
2023,INGENIERIA MECATRONICA,230,240,ingresante,1
2023,INGENIERIA MECATRONICA,240,250,ingresante,1
2023,INGENIERIA MECATRONICA,260,270,ingresante,1
2023,MEDICINA HUMANA,0,10,no_ingresante,14
2023,MEDICINA HUMANA,10,20,no_ingresante,67
2023,MEDICINA HUMANA,20,30,no_ingresante,67
2023,MEDICINA HUMANA,30,40,ingresante,6
2023,MEDICINA HUMANA,30,40,no_ingresante,6
2023,MEDICINA HUMANA,40,50,ingresante,2
2023,MEDICINA HUMANA,40,50,no_ingresante,16
2023,MEDICINA HUMANA,50,60,no_ingresante,79
2023,MEDICINA HUMANA,60,70,ingresante,1
2023,MEDICINA HUMANA,60,70,no_ingresante,190
2023,MEDICINA HUMANA,70,80,no_ingresante,419
2023,MEDICINA HUMANA,80,90,ingresante,1
2023,MEDICINA HUMANA,80,90,no_ingresante,602
2023,MEDICINA HUMANA,90,100,ingresante,8
2023,MEDICINA HUMANA,90,100,no_ingresante,530
2023,MEDICINA HUMANA,100,110,ingresante,35
2023,MEDICINA HUMANA,100,110,no_ingresante,174
2023,MEDICINA HUMANA,110,120,ingresante,21
2023,MEDICINA HUMANA,110,120,no_ingresante,27
2023,MEDICINA HUMANA,120,130,no_ingresante,38
2023,MEDICINA HUMANA,130,140,no_ingresante,62
2023,MEDICINA HUMANA,140,150,no_ingresante,55
2023,MEDICINA HUMANA,150,160,no_ingresante,68
2023,MEDICINA HUMANA,160,170,no_ingresante,108
2023,MEDICINA HUMANA,170,180,no_ingresante,80
2023,MEDICINA HUMANA,180,190,no_ingresante,99
2023,MEDICINA HUMANA,190,200,no_ingresante,127
2023,MEDICINA HUMANA,200,210,no_ingresante,142
2023,MEDICINA HUMANA,210,220,no_ingresante,136
2023,MEDICINA HUMANA,220,230,no_ingresante,190
2023,MEDICINA HUMANA,230,240,no_ingresante,177
2023,MEDICINA HUMANA,240,250,no_ingresante,156
2023,MEDICINA HUMANA,250,260,no_ingresante,80
2023,MEDICINA HUMANA,260,270,no_ingresante,3
2023,MEDICINA VETERINARIA Y ZOOTECNIA,10,20,ingresante,2
2023,MEDICINA VETERINARIA Y ZOOTECNIA,10,20,no_ingresante,2
2023,MEDICINA VETERINARIA Y ZOOTECNIA,20,30,ingresante,2
2023,MEDICINA VETERINARIA Y ZOOTECNIA,30,40,no_ingresante,1
2023,MEDICINA VETERINARIA Y ZOOTECNIA,40,50,no_ingresante,2
2023,MEDICINA VETERINARIA Y ZOOTECNIA,50,60,ingresante,1
2023,MEDICINA VETERINARIA Y ZOOTECNIA,50,60,no_ingresante,30
2023,MEDICINA VETERINARIA Y ZOOTECNIA,60,70,ingresante,14
2023,MEDICINA VETERINARIA Y ZOOTECNIA,60,70,no_ingresante,69
2023,MEDICINA VETERINARIA Y ZOOTECNIA,70,80,ingresante,49
2023,MEDICINA VETERINARIA Y ZOOTECNIA,70,80,no_ingresante,48
2023,MEDICINA VETERINARIA Y ZOOTECNIA,80,90,ingresante,47
2023,MEDICINA VETERINARIA Y ZOOTECNIA,80,90,no_ingresante,7
2023,MEDICINA VETERINARIA Y ZOOTECNIA,90,100,ingresante,14
2023,MEDICINA VETERINARIA Y ZOOTECNIA,90,100,no_ingresante,4
2023,MEDICINA VETERINARIA Y ZOOTECNIA,100,110,ingresante,1
2023,MEDICINA VETERINARIA Y ZOOTECNIA,100,110,no_ingresante,4
2023,MEDICINA VETERINARIA Y ZOOTECNIA,110,120,no_ingresante,2
2023,MEDICINA VETERINARIA Y ZOOTECNIA,120,130,no_ingresante,3
2023,MEDICINA VETERINARIA Y ZOOTECNIA,130,140,ingresante,2
2023,MEDICINA VETERINARIA Y ZOOTECNIA,130,140,no_ingresante,2
2023,MEDICINA VETERINARIA Y ZOOTECNIA,140,150,ingresante,2
2023,MEDICINA VETERINARIA Y ZOOTECNIA,140,150,no_ingresante,5
2023,MEDICINA VETERINARIA Y ZOOTECNIA,150,160,ingresante,8
2023,MEDICINA VETERINARIA Y ZOOTECNIA,150,160,no_ingresante,8
2023,MEDICINA VETERINARIA Y ZOOTECNIA,160,170,ingresante,4
2023,MEDICINA VETERINARIA Y ZOOTECNIA,160,170,no_ingresante,5
2023,MEDICINA VETERINARIA Y ZOOTECNIA,170,180,ingresante,6
2023,MEDICINA VETERINARIA Y ZOOTECNIA,170,180,no_ingresante,4
2023,MEDICINA VETERINARIA Y ZOOTECNIA,180,190,ingresante,14
2023,MEDICINA VETERINARIA Y ZOOTECNIA,190,200,ingresante,12
2023,MEDICINA VETERINARIA Y ZOOTECNIA,200,210,ingresante,8
2023,MEDICINA VETERINARIA Y ZOOTECNIA,210,220,ingresante,9
2023,MEDICINA VETERINARIA Y ZOOTECNIA,220,230,ingresante,9
2023,MEDICINA VETERINARIA Y ZOOTECNIA,230,240,ingresante,3
2023,OBSTETRICIA Y PUERICULTURA,0,10,ingresante,1
2023,OBSTETRICIA Y PUERICULTURA,0,10,no_ingresante,1
2023,OBSTETRICIA Y PUERICULTURA,10,20,ingresante,1
2023,OBSTETRICIA Y PUERICULTURA,10,20,no_ingresante,3
2023,OBSTETRICIA Y PUERICULTURA,20,30,ingresante,1
2023,OBSTETRICIA Y PUERICULTURA,20,30,no_ingresante,1
2023,OBSTETRICIA Y PUERICULTURA,40,50,no_ingresante,6
2023,OBSTETRICIA Y PUERICULTURA,50,60,no_ingresante,14
2023,OBSTETRICIA Y PUERICULTURA,60,70,no_ingresante,55
2023,OBSTETRICIA Y PUERICULTURA,70,80,ingresante,4
2023,OBSTETRICIA Y PUERICULTURA,70,80,no_ingresante,50
2023,OBSTETRICIA Y PUERICULTURA,80,90,ingresante,4
2023,OBSTETRICIA Y PUERICULTURA,80,90,no_ingresante,13
2023,OBSTETRICIA Y PUERICULTURA,90,100,ingresante,4
2023,OBSTETRICIA Y PUERICULTURA,90,100,no_ingresante,4
2023,OBSTETRICIA Y PUERICULTURA,100,110,no_ingresante,1
2023,OBSTETRICIA Y PUERICULTURA,110,120,no_ingresante,3
2023,OBSTETRICIA Y PUERICULTURA,140,150,no_ingresante,2
2023,OBSTETRICIA Y PUERICULTURA,160,170,no_ingresante,3
2023,ODONTOLOGIA,0,10,no_ingresante,1
2023,ODONTOLOGIA,10,20,ingresante,3
2023,ODONTOLOGIA,10,20,no_ingresante,7
2023,ODONTOLOGIA,20,30,ingresante,2
2023,ODONTOLOGIA,20,30,no_ingresante,2
2023,ODONTOLOGIA,40,50,no_ingresante,9
2023,ODONTOLOGIA,50,60,ingresante,1
2023,ODONTOLOGIA,50,60,no_ingresante,14
2023,ODONTOLOGIA,60,70,ingresante,2
2023,ODONTOLOGIA,60,70,no_ingresante,68
2023,ODONTOLOGIA,70,80,ingresante,6
2023,ODONTOLOGIA,70,80,no_ingresante,47
2023,ODONTOLOGIA,80,90,ingresante,12
2023,ODONTOLOGIA,80,90,no_ingresante,22
2023,ODONTOLOGIA,90,100,ingresante,13
2023,ODONTOLOGIA,90,100,no_ingresante,28
2023,ODONTOLOGIA,100,110,ingresante,5
2023,ODONTOLOGIA,100,110,no_ingresante,11
2023,ODONTOLOGIA,110,120,no_ingresante,6
2023,ODONTOLOGIA,120,130,no_ingresante,8
2023,ODONTOLOGIA,130,140,no_ingresante,1
2023,ODONTOLOGIA,140,150,no_ingresante,1
2023,PSICOLOGIA,0,10,no_ingresante,4
2023,PSICOLOGIA,10,20,no_ingresante,8
2023,PSICOLOGIA,20,30,ingresante,5
2023,PSICOLOGIA,20,30,no_ingresante,8
2023,PSICOLOGIA,30,40,no_ingresante,1
2023,PSICOLOGIA,40,50,no_ingresante,9
2023,PSICOLOGIA,50,60,no_ingresante,35
2023,PSICOLOGIA,60,70,ingresante,1
2023,PSICOLOGIA,60,70,no_ingresante,80
2023,PSICOLOGIA,70,80,ingresante,16
2023,PSICOLOGIA,70,80,no_ingresante,87
2023,PSICOLOGIA,80,90,ingresante,11
2023,PSICOLOGIA,80,90,no_ingresante,39
2023,PSICOLOGIA,90,100,ingresante,7
2023,PSICOLOGIA,90,100,no_ingresante,15
2023,PSICOLOGIA,100,110,ingresante,4
2023,PSICOLOGIA,100,110,no_ingresante,4
2023,PSICOLOGIA,110,120,no_ingresante,4
2023,PSICOLOGIA,120,130,no_ingresante,7
2023,PSICOLOGIA,130,140,no_ingresante,5
2023,PSICOLOGIA,140,150,no_ingresante,6
2023,PSICOLOGIA,150,160,no_ingresante,10
2023,PSICOLOGIA,160,170,no_ingresante,4
2023,PSICOLOGIA,170,180,no_ingresante,9
2023,PSICOLOGIA,180,190,no_ingresante,10
2023,PSICOLOGIA,190,200,no_ingresante,3
2023,PUBLICIDAD Y MULTIMEDIA,0,10,no_ingresante,1
2023,PUBLICIDAD Y MULTIMEDIA,10,20,no_ingresante,2
2023,PUBLICIDAD Y MULTIMEDIA,20,30,ingresante,2
2023,PUBLICIDAD Y MULTIMEDIA,20,30,no_ingresante,1
2023,PUBLICIDAD Y MULTIMEDIA,40,50,no_ingresante,4
2023,PUBLICIDAD Y MULTIMEDIA,50,60,ingresante,1
2023,PUBLICIDAD Y MULTIMEDIA,50,60,no_ingresante,8
2023,PUBLICIDAD Y MULTIMEDIA,60,70,ingresante,4
2023,PUBLICIDAD Y MULTIMEDIA,60,70,no_ingresante,38
2023,PUBLICIDAD Y MULTIMEDIA,70,80,ingresante,47
2023,PUBLICIDAD Y MULTIMEDIA,70,80,no_ingresante,40
2023,PUBLICIDAD Y MULTIMEDIA,80,90,ingresante,53
2023,PUBLICIDAD Y MULTIMEDIA,80,90,no_ingresante,3
2023,PUBLICIDAD Y MULTIMEDIA,90,100,ingresante,20
2023,PUBLICIDAD Y MULTIMEDIA,90,100,no_ingresante,2
2023,PUBLICIDAD Y MULTIMEDIA,100,110,ingresante,3
2023,PUBLICIDAD Y MULTIMEDIA,100,110,no_ingresante,2
2023,PUBLICIDAD Y MULTIMEDIA,110,120,ingresante,2
2023,PUBLICIDAD Y MULTIMEDIA,110,120,no_ingresante,2
2023,PUBLICIDAD Y MULTIMEDIA,120,130,no_ingresante,2
2023,PUBLICIDAD Y MULTIMEDIA,130,140,ingresante,1
2023,PUBLICIDAD Y MULTIMEDIA,140,150,ingresante,3
2023,PUBLICIDAD Y MULTIMEDIA,140,150,no_ingresante,2
2023,PUBLICIDAD Y MULTIMEDIA,150,160,ingresante,8
2023,PUBLICIDAD Y MULTIMEDIA,160,170,ingresante,7
2023,PUBLICIDAD Y MULTIMEDIA,170,180,ingresante,9
2023,PUBLICIDAD Y MULTIMEDIA,180,190,ingresante,9
2023,PUBLICIDAD Y MULTIMEDIA,190,200,ingresante,6
2023,PUBLICIDAD Y MULTIMEDIA,200,210,ingresante,9
2023,PUBLICIDAD Y MULTIMEDIA,210,220,ingresante,4
2023,PUBLICIDAD Y MULTIMEDIA,220,230,ingresante,5
2023,PUBLICIDAD Y MULTIMEDIA,230,240,ingresante,4
2023,PUBLICIDAD Y MULTIMEDIA,240,250,ingresante,2
2023,PUBLICIDAD Y MULTIMEDIA,250,260,ingresante,1
2024,ADMINISTRACION DE EMPRESAS,0,10,no_ingresante,1
2024,ADMINISTRACION DE EMPRESAS,40,50,no_ingresante,1
2024,ADMINISTRACION DE EMPRESAS,60,70,no_ingresante,1
2024,ADMINISTRACION DE EMPRESAS,70,80,no_ingresante,2
2024,ADMINISTRACION DE EMPRESAS,80,90,no_ingresante,3
2024,ADMINISTRACION DE EMPRESAS,90,100,no_ingresante,5
2024,ADMINISTRACION DE EMPRESAS,100,110,ingresante,1
2024,ADMINISTRACION DE EMPRESAS,100,110,no_ingresante,7
2024,ADMINISTRACION DE EMPRESAS,110,120,ingresante,1
2024,ADMINISTRACION DE EMPRESAS,110,120,no_ingresante,4
2024,ADMINISTRACION DE EMPRESAS,120,130,ingresante,18
2024,ADMINISTRACION DE EMPRESAS,120,130,no_ingresante,7
2024,ADMINISTRACION DE EMPRESAS,130,140,ingresante,28
2024,ADMINISTRACION DE EMPRESAS,130,140,no_ingresante,8
2024,ADMINISTRACION DE EMPRESAS,140,150,ingresante,38
2024,ADMINISTRACION DE EMPRESAS,140,150,no_ingresante,10
2024,ADMINISTRACION DE EMPRESAS,150,160,ingresante,41
2024,ADMINISTRACION DE EMPRESAS,150,160,no_ingresante,5
2024,ADMINISTRACION DE EMPRESAS,160,170,ingresante,28
2024,ADMINISTRACION DE EMPRESAS,160,170,no_ingresante,1
2024,ADMINISTRACION DE EMPRESAS,170,180,ingresante,26
2024,ADMINISTRACION DE EMPRESAS,180,190,ingresante,21
2024,ADMINISTRACION DE EMPRESAS,190,200,ingresante,7
2024,ADMINISTRACION DE EMPRESAS,200,210,ingresante,2
2024,ADMINISTRACION DE EMPRESAS,220,230,ingresante,2
2024,ADMINISTRACION DE EMPRESAS,230,240,ingresante,3
2024,APRESTAMIENTO,60,70,no_ingresante,3
2024,APRESTAMIENTO,80,90,no_ingresante,1
2024,ARQUITECTURA,0,10,no_ingresante,1
2024,ARQUITECTURA,40,50,no_ingresante,1
2024,ARQUITECTURA,50,60,no_ingresante,2
2024,ARQUITECTURA,60,70,no_ingresante,2
2024,ARQUITECTURA,70,80,no_ingresante,5
2024,ARQUITECTURA,80,90,no_ingresante,3
2024,ARQUITECTURA,90,100,ingresante,1
2024,ARQUITECTURA,90,100,no_ingresante,6
2024,ARQUITECTURA,100,110,no_ingresante,4
2024,ARQUITECTURA,110,120,ingresante,2
2024,ARQUITECTURA,110,120,no_ingresante,10
2024,ARQUITECTURA,120,130,ingresante,3
2024,ARQUITECTURA,120,130,no_ingresante,20
2024,ARQUITECTURA,130,140,ingresante,16
2024,ARQUITECTURA,130,140,no_ingresante,27
2024,ARQUITECTURA,140,150,ingresante,30
2024,ARQUITECTURA,140,150,no_ingresante,11
2024,ARQUITECTURA,150,160,ingresante,53
2024,ARQUITECTURA,150,160,no_ingresante,4
2024,ARQUITECTURA,160,170,ingresante,37
2024,ARQUITECTURA,160,170,no_ingresante,2
2024,ARQUITECTURA,170,180,ingresante,34
2024,ARQUITECTURA,170,180,no_ingresante,2
2024,ARQUITECTURA,180,190,ingresante,23
2024,ARQUITECTURA,190,200,ingresante,9
2024,ARQUITECTURA,200,210,ingresante,9
2024,ARQUITECTURA,210,220,ingresante,1
2024,ARQUITECTURA,220,230,ingresante,3
2024,ARQUITECTURA,230,240,ingresante,2
2024,ARQUITECTURA,240,250,ingresante,1
2024,ARQUITECTURA,250,260,ingresante,1
2024,ARQUITECTURA,270,280,ingresante,1
2024,CIENCIA POLITICA Y GOBIERNO,0,10,no_ingresante,2
2024,CIENCIA POLITICA Y GOBIERNO,10,20,no_ingresante,1
2024,CIENCIA POLITICA Y GOBIERNO,50,60,ingresante,1
2024,CIENCIA POLITICA Y GOBIERNO,70,80,ingresante,1
2024,CIENCIA POLITICA Y GOBIERNO,80,90,ingresante,3
2024,CIENCIA POLITICA Y GOBIERNO,80,90,no_ingresante,2
2024,CIENCIA POLITICA Y GOBIERNO,90,100,no_ingresante,7
2024,CIENCIA POLITICA Y GOBIERNO,100,110,ingresante,1
2024,CIENCIA POLITICA Y GOBIERNO,100,110,no_ingresante,4
2024,CIENCIA POLITICA Y GOBIERNO,110,120,ingresante,2
2024,CIENCIA POLITICA Y GOBIERNO,110,120,no_ingresante,6
2024,CIENCIA POLITICA Y GOBIERNO,120,130,ingresante,5
2024,CIENCIA POLITICA Y GOBIERNO,120,130,no_ingresante,7
2024,CIENCIA POLITICA Y GOBIERNO,130,140,ingresante,8
2024,CIENCIA POLITICA Y GOBIERNO,130,140,no_ingresante,6
2024,CIENCIA POLITICA Y GOBIERNO,140,150,ingresante,13
2024,CIENCIA POLITICA Y GOBIERNO,140,150,no_ingresante,3
2024,CIENCIA POLITICA Y GOBIERNO,150,160,ingresante,14
2024,CIENCIA POLITICA Y GOBIERNO,150,160,no_ingresante,1
2024,CIENCIA POLITICA Y GOBIERNO,160,170,ingresante,14
2024,CIENCIA POLITICA Y GOBIERNO,170,180,ingresante,8
2024,CIENCIA POLITICA Y GOBIERNO,180,190,ingresante,13
2024,CIENCIA POLITICA Y GOBIERNO,190,200,ingresante,13
2024,CIENCIA POLITICA Y GOBIERNO,200,210,ingresante,8
2024,CIENCIA POLITICA Y GOBIERNO,210,220,ingresante,8
2024,CIENCIA POLITICA Y GOBIERNO,220,230,ingresante,6
2024,CIENCIA POLITICA Y GOBIERNO,230,240,ingresante,1
2024,CIENCIA POLITICA Y GOBIERNO,240,250,ingresante,4
2024,CIENCIA POLITICA Y GOBIERNO,250,260,ingresante,4
2024,CIENCIA POLITICA Y GOBIERNO,260,270,ingresante,2
2024,CIENCIA POLITICA Y GOBIERNO,270,280,ingresante,1
2024,COMUNICACION SOCIAL,70,80,no_ingresante,1
2024,COMUNICACION SOCIAL,80,90,no_ingresante,1
2024,COMUNICACION SOCIAL,110,120,ingresante,4
2024,COMUNICACION SOCIAL,110,120,no_ingresante,1
2024,COMUNICACION SOCIAL,120,130,ingresante,4
2024,COMUNICACION SOCIAL,130,140,ingresante,11
2024,COMUNICACION SOCIAL,140,150,ingresante,20
2024,COMUNICACION SOCIAL,150,160,ingresante,19
2024,COMUNICACION SOCIAL,160,170,ingresante,5
2024,COMUNICACION SOCIAL,170,180,ingresante,4
2024,COMUNICACION SOCIAL,180,190,ingresante,1
2024,COMUNICACION SOCIAL,190,200,ingresante,7
2024,COMUNICACION SOCIAL,200,210,ingresante,1
2024,COMUNICACION SOCIAL,260,270,ingresante,2
2024,CONTABILIDAD,0,10,no_ingresante,2
2024,CONTABILIDAD,60,70,ingresante,1
2024,CONTABILIDAD,60,70,no_ingresante,3
2024,CONTABILIDAD,70,80,ingresante,3
2024,CONTABILIDAD,70,80,no_ingresante,4
2024,CONTABILIDAD,80,90,ingresante,1
2024,CONTABILIDAD,80,90,no_ingresante,3
2024,CONTABILIDAD,90,100,ingresante,1
2024,CONTABILIDAD,90,100,no_ingresante,6
2024,CONTABILIDAD,100,110,ingresante,4
2024,CONTABILIDAD,100,110,no_ingresante,4
2024,CONTABILIDAD,110,120,ingresante,2
2024,CONTABILIDAD,110,120,no_ingresante,13
2024,CONTABILIDAD,120,130,ingresante,12
2024,CONTABILIDAD,120,130,no_ingresante,19
2024,CONTABILIDAD,130,140,ingresante,21
2024,CONTABILIDAD,130,140,no_ingresante,13
2024,CONTABILIDAD,140,150,ingresante,22
2024,CONTABILIDAD,140,150,no_ingresante,12
2024,CONTABILIDAD,150,160,ingresante,26
2024,CONTABILIDAD,150,160,no_ingresante,11
2024,CONTABILIDAD,160,170,ingresante,31
2024,CONTABILIDAD,170,180,ingresante,14
2024,CONTABILIDAD,180,190,ingresante,22
2024,CONTABILIDAD,190,200,ingresante,21
2024,CONTABILIDAD,200,210,ingresante,12
2024,CONTABILIDAD,210,220,ingresante,14
2024,CONTABILIDAD,220,230,ingresante,14
2024,CONTABILIDAD,230,240,ingresante,7
2024,CONTABILIDAD,240,250,ingresante,8
2024,CONTABILIDAD,250,260,ingresante,2
2024,CONTABILIDAD,260,270,ingresante,2
2024,CONTABILIDAD,270,280,ingresante,1
2024,DERECHO,0,10,no_ingresante,3
2024,DERECHO,40,50,no_ingresante,2
2024,DERECHO,50,60,no_ingresante,4
2024,DERECHO,60,70,no_ingresante,7
2024,DERECHO,70,80,no_ingresante,5
2024,DERECHO,80,90,no_ingresante,8
2024,DERECHO,90,100,no_ingresante,12
2024,DERECHO,100,110,no_ingresante,8
2024,DERECHO,110,120,no_ingresante,17
2024,DERECHO,120,130,ingresante,3
2024,DERECHO,120,130,no_ingresante,27
2024,DERECHO,130,140,ingresante,4
2024,DERECHO,130,140,no_ingresante,56
2024,DERECHO,140,150,ingresante,33
2024,DERECHO,140,150,no_ingresante,55
2024,DERECHO,150,160,ingresante,42
2024,DERECHO,150,160,no_ingresante,42
2024,DERECHO,160,170,ingresante,54
2024,DERECHO,160,170,no_ingresante,28
2024,DERECHO,170,180,ingresante,64
2024,DERECHO,170,180,no_ingresante,17
2024,DERECHO,180,190,ingresante,59
2024,DERECHO,180,190,no_ingresante,1
2024,DERECHO,190,200,ingresante,44
2024,DERECHO,190,200,no_ingresante,1
2024,DERECHO,200,210,ingresante,19
2024,DERECHO,210,220,ingresante,20
2024,DERECHO,220,230,ingresante,13
2024,DERECHO,230,240,ingresante,5
2024,DERECHO,240,250,ingresante,3
2024,DERECHO,250,260,ingresante,3
2024,DERECHO,260,270,ingresante,1
2024,DERECHO,270,280,ingresante,1
2024,DISENO GRAFICO PUBLICITARIO,0,10,no_ingresante,1
2024,DISENO GRAFICO PUBLICITARIO,60,70,no_ingresante,1
2024,DISENO GRAFICO PUBLICITARIO,70,80,ingresante,2
2024,DISENO GRAFICO PUBLICITARIO,80,90,no_ingresante,2
2024,DISENO GRAFICO PUBLICITARIO,90,100,no_ingresante,3
2024,DISENO GRAFICO PUBLICITARIO,100,110,no_ingresante,1
2024,DISENO GRAFICO PUBLICITARIO,110,120,ingresante,2
2024,DISENO GRAFICO PUBLICITARIO,110,120,no_ingresante,2
2024,DISENO GRAFICO PUBLICITARIO,120,130,ingresante,2
2024,DISENO GRAFICO PUBLICITARIO,120,130,no_ingresante,3
2024,DISENO GRAFICO PUBLICITARIO,130,140,no_ingresante,2
2024,DISENO GRAFICO PUBLICITARIO,140,150,ingresante,1
2024,DISENO GRAFICO PUBLICITARIO,140,150,no_ingresante,3
2024,DISENO GRAFICO PUBLICITARIO,150,160,ingresante,4
2024,DISENO GRAFICO PUBLICITARIO,150,160,no_ingresante,5
2024,DISENO GRAFICO PUBLICITARIO,160,170,ingresante,6
2024,DISENO GRAFICO PUBLICITARIO,170,180,ingresante,3
2024,DISENO GRAFICO PUBLICITARIO,180,190,ingresante,8
2024,DISENO GRAFICO PUBLICITARIO,190,200,ingresante,3
2024,DISENO GRAFICO PUBLICITARIO,200,210,ingresante,6
2024,DISENO GRAFICO PUBLICITARIO,210,220,ingresante,4
2024,DISENO GRAFICO PUBLICITARIO,220,230,ingresante,3
2024,DISENO GRAFICO PUBLICITARIO,240,250,ingresante,1
2024,DISENO GRAFICO PUBLICITARIO,250,260,ingresante,2
2024,ECONOMIA Y FINANZAS,0,10,no_ingresante,1
2024,ECONOMIA Y FINANZAS,60,70,ingresante,1
2024,ECONOMIA Y FINANZAS,70,80,ingresante,1
2024,ECONOMIA Y FINANZAS,70,80,no_ingresante,2
2024,ECONOMIA Y FINANZAS,90,100,ingresante,2
2024,ECONOMIA Y FINANZAS,90,100,no_ingresante,2
2024,ECONOMIA Y FINANZAS,100,110,ingresante,4
2024,ECONOMIA Y FINANZAS,100,110,no_ingresante,11
2024,ECONOMIA Y FINANZAS,110,120,no_ingresante,1
2024,ECONOMIA Y FINANZAS,120,130,ingresante,3
2024,ECONOMIA Y FINANZAS,120,130,no_ingresante,9
2024,ECONOMIA Y FINANZAS,130,140,ingresante,5
2024,ECONOMIA Y FINANZAS,130,140,no_ingresante,5
2024,ECONOMIA Y FINANZAS,140,150,ingresante,3
2024,ECONOMIA Y FINANZAS,140,150,no_ingresante,7
2024,ECONOMIA Y FINANZAS,150,160,ingresante,7
2024,ECONOMIA Y FINANZAS,150,160,no_ingresante,14
2024,ECONOMIA Y FINANZAS,160,170,ingresante,15
2024,ECONOMIA Y FINANZAS,170,180,ingresante,19
2024,ECONOMIA Y FINANZAS,180,190,ingresante,15
2024,ECONOMIA Y FINANZAS,190,200,ingresante,14
2024,ECONOMIA Y FINANZAS,200,210,ingresante,7
2024,ECONOMIA Y FINANZAS,210,220,ingresante,15
2024,ECONOMIA Y FINANZAS,220,230,ingresante,16
2024,ECONOMIA Y FINANZAS,230,240,ingresante,4
2024,ECONOMIA Y FINANZAS,240,250,ingresante,4
2024,ECONOMIA Y FINANZAS,250,260,ingresante,5
2024,ECONOMIA Y FINANZAS,260,270,ingresante,1
2024,ECONOMIA Y FINANZAS,280,290,ingresante,1
2024,EDUCACION INICIAL,70,80,no_ingresante,1
2024,EDUCACION INICIAL,80,90,ingresante,1
2024,EDUCACION INICIAL,90,100,no_ingresante,3
2024,EDUCACION INICIAL,110,120,ingresante,2
2024,EDUCACION INICIAL,120,130,ingresante,6
2024,EDUCACION INICIAL,130,140,ingresante,12
2024,EDUCACION INICIAL,140,150,ingresante,12
2024,EDUCACION INICIAL,150,160,ingresante,8
2024,EDUCACION INICIAL,160,170,ingresante,8
2024,EDUCACION INICIAL,170,180,ingresante,6
2024,EDUCACION INICIAL,180,190,ingresante,2
2024,EDUCACION INICIAL,190,200,ingresante,2
2024,EDUCACION INICIAL,200,210,ingresante,1
2024,EDUCACION SECUNDARIA,50,60,no_ingresante,1
2024,EDUCACION SECUNDARIA,60,70,no_ingresante,1
2024,EDUCACION SECUNDARIA,70,80,ingresante,1
2024,EDUCACION SECUNDARIA,90,100,ingresante,1
2024,EDUCACION SECUNDARIA,90,100,no_ingresante,2
2024,EDUCACION SECUNDARIA,100,110,ingresante,6
2024,EDUCACION SECUNDARIA,100,110,no_ingresante,1
2024,EDUCACION SECUNDARIA,110,120,ingresante,1
2024,EDUCACION SECUNDARIA,110,120,no_ingresante,2
2024,EDUCACION SECUNDARIA,120,130,ingresante,1
2024,EDUCACION SECUNDARIA,120,130,no_ingresante,1
2024,EDUCACION SECUNDARIA,130,140,ingresante,5
2024,EDUCACION SECUNDARIA,130,140,no_ingresante,3
2024,EDUCACION SECUNDARIA,140,150,ingresante,6
2024,EDUCACION SECUNDARIA,150,160,ingresante,9
2024,EDUCACION SECUNDARIA,150,160,no_ingresante,2
2024,EDUCACION SECUNDARIA,160,170,ingresante,5
2024,EDUCACION SECUNDARIA,170,180,ingresante,4
2024,EDUCACION SECUNDARIA,180,190,ingresante,3
2024,EDUCACION SECUNDARIA,190,200,ingresante,10
2024,EDUCACION SECUNDARIA,200,210,ingresante,7
2024,EDUCACION SECUNDARIA,210,220,ingresante,6
2024,EDUCACION SECUNDARIA,220,230,ingresante,5
2024,EDUCACION SECUNDARIA,230,240,ingresante,1
2024,EDUCACION SECUNDARIA,240,250,ingresante,5
2024,EDUCACION SECUNDARIA,250,260,ingresante,2
2024,EDUCACION SECUNDARIA,270,280,ingresante,1
2024,EDUCACION SECUNDARIA,280,290,ingresante,1
2024,ENFERMERIA,0,10,no_ingresante,3
2024,ENFERMERIA,20,30,no_ingresante,1
2024,ENFERMERIA,40,50,no_ingresante,4
2024,ENFERMERIA,50,60,no_ingresante,2
2024,ENFERMERIA,60,70,no_ingresante,1
2024,ENFERMERIA,70,80,no_ingresante,4
2024,ENFERMERIA,80,90,no_ingresante,17
2024,ENFERMERIA,90,100,no_ingresante,18
2024,ENFERMERIA,100,110,ingresante,1
2024,ENFERMERIA,100,110,no_ingresante,10
2024,ENFERMERIA,110,120,ingresante,1
2024,ENFERMERIA,110,120,no_ingresante,21
2024,ENFERMERIA,120,130,ingresante,2
2024,ENFERMERIA,120,130,no_ingresante,58
2024,ENFERMERIA,130,140,ingresante,4
2024,ENFERMERIA,130,140,no_ingresante,86
2024,ENFERMERIA,140,150,ingresante,11
2024,ENFERMERIA,140,150,no_ingresante,106
2024,ENFERMERIA,150,160,ingresante,23
2024,ENFERMERIA,150,160,no_ingresante,75
2024,ENFERMERIA,160,170,ingresante,51
2024,ENFERMERIA,160,170,no_ingresante,55
2024,ENFERMERIA,170,180,ingresante,44
2024,ENFERMERIA,170,180,no_ingresante,21
2024,ENFERMERIA,180,190,ingresante,23
2024,ENFERMERIA,180,190,no_ingresante,12
2024,ENFERMERIA,190,200,ingresante,17
2024,ENFERMERIA,190,200,no_ingresante,3
2024,ENFERMERIA,200,210,ingresante,7
2024,ENFERMERIA,210,220,ingresante,11
2024,ENFERMERIA,220,230,ingresante,8
2024,ENFERMERIA,230,240,ingresante,2
2024,ENFERMERIA,240,250,ingresante,2
2024,ENFERMERIA,250,260,ingresante,2
2024,FARMACIA Y BIOQUIMICA,0,10,no_ingresante,2
2024,FARMACIA Y BIOQUIMICA,50,60,ingresante,1
2024,FARMACIA Y BIOQUIMICA,50,60,no_ingresante,1
2024,FARMACIA Y BIOQUIMICA,60,70,no_ingresante,1
2024,FARMACIA Y BIOQUIMICA,70,80,no_ingresante,3
2024,FARMACIA Y BIOQUIMICA,80,90,no_ingresante,5
2024,FARMACIA Y BIOQUIMICA,90,100,no_ingresante,6
2024,FARMACIA Y BIOQUIMICA,100,110,no_ingresante,5
2024,FARMACIA Y BIOQUIMICA,110,120,ingresante,6
2024,FARMACIA Y BIOQUIMICA,110,120,no_ingresante,8
2024,FARMACIA Y BIOQUIMICA,120,130,ingresante,23
2024,FARMACIA Y BIOQUIMICA,120,130,no_ingresante,18
2024,FARMACIA Y BIOQUIMICA,130,140,ingresante,43
2024,FARMACIA Y BIOQUIMICA,130,140,no_ingresante,23
2024,FARMACIA Y BIOQUIMICA,140,150,ingresante,39
2024,FARMACIA Y BIOQUIMICA,140,150,no_ingresante,3
2024,FARMACIA Y BIOQUIMICA,150,160,ingresante,25
2024,FARMACIA Y BIOQUIMICA,150,160,no_ingresante,8
2024,FARMACIA Y BIOQUIMICA,160,170,ingresante,25
2024,FARMACIA Y BIOQUIMICA,160,170,no_ingresante,4
2024,FARMACIA Y BIOQUIMICA,170,180,ingresante,16
2024,FARMACIA Y BIOQUIMICA,170,180,no_ingresante,3
2024,FARMACIA Y BIOQUIMICA,180,190,ingresante,8
2024,FARMACIA Y BIOQUIMICA,180,190,no_ingresante,5
2024,FARMACIA Y BIOQUIMICA,190,200,ingresante,9
2024,FARMACIA Y BIOQUIMICA,190,200,no_ingresante,1
2024,FARMACIA Y BIOQUIMICA,200,210,ingresante,6
2024,FARMACIA Y BIOQUIMICA,210,220,ingresante,9
2024,FARMACIA Y BIOQUIMICA,220,230,ingresante,2
2024,FARMACIA Y BIOQUIMICA,240,250,ingresante,6
2024,FARMACIA Y BIOQUIMICA,250,260,ingresante,2
2024,FARMACIA Y BIOQUIMICA,280,290,ingresante,1
2024,INGENIERIA AGRONOMICA Y AGRICOLA,0,10,no_ingresante,2
2024,INGENIERIA AGRONOMICA Y AGRICOLA,40,50,ingresante,1
2024,INGENIERIA AGRONOMICA Y AGRICOLA,50,60,ingresante,1
2024,INGENIERIA AGRONOMICA Y AGRICOLA,60,70,ingresante,4
2024,INGENIERIA AGRONOMICA Y AGRICOLA,60,70,no_ingresante,1
2024,INGENIERIA AGRONOMICA Y AGRICOLA,70,80,ingresante,2
2024,INGENIERIA AGRONOMICA Y AGRICOLA,70,80,no_ingresante,4
2024,INGENIERIA AGRONOMICA Y AGRICOLA,80,90,ingresante,5
2024,INGENIERIA AGRONOMICA Y AGRICOLA,80,90,no_ingresante,2
2024,INGENIERIA AGRONOMICA Y AGRICOLA,90,100,ingresante,12
2024,INGENIERIA AGRONOMICA Y AGRICOLA,90,100,no_ingresante,3
2024,INGENIERIA AGRONOMICA Y AGRICOLA,100,110,ingresante,12
2024,INGENIERIA AGRONOMICA Y AGRICOLA,100,110,no_ingresante,4
2024,INGENIERIA AGRONOMICA Y AGRICOLA,110,120,ingresante,12
2024,INGENIERIA AGRONOMICA Y AGRICOLA,110,120,no_ingresante,3
2024,INGENIERIA AGRONOMICA Y AGRICOLA,120,130,ingresante,18
2024,INGENIERIA AGRONOMICA Y AGRICOLA,120,130,no_ingresante,4
2024,INGENIERIA AGRONOMICA Y AGRICOLA,130,140,ingresante,23
2024,INGENIERIA AGRONOMICA Y AGRICOLA,130,140,no_ingresante,5
2024,INGENIERIA AGRONOMICA Y AGRICOLA,140,150,ingresante,15
2024,INGENIERIA AGRONOMICA Y AGRICOLA,140,150,no_ingresante,3
2024,INGENIERIA AGRONOMICA Y AGRICOLA,150,160,ingresante,14
2024,INGENIERIA AGRONOMICA Y AGRICOLA,150,160,no_ingresante,5
2024,INGENIERIA AGRONOMICA Y AGRICOLA,160,170,ingresante,16
2024,INGENIERIA AGRONOMICA Y AGRICOLA,170,180,ingresante,11
2024,INGENIERIA AGRONOMICA Y AGRICOLA,180,190,ingresante,16
2024,INGENIERIA AGRONOMICA Y AGRICOLA,190,200,ingresante,19
2024,INGENIERIA AGRONOMICA Y AGRICOLA,200,210,ingresante,8
2024,INGENIERIA AGRONOMICA Y AGRICOLA,210,220,ingresante,4
2024,INGENIERIA AGRONOMICA Y AGRICOLA,220,230,ingresante,11
2024,INGENIERIA AGRONOMICA Y AGRICOLA,230,240,ingresante,3
2024,INGENIERIA AGRONOMICA Y AGRICOLA,240,250,ingresante,5
2024,INGENIERIA AGRONOMICA Y AGRICOLA,250,260,ingresante,1
2024,INGENIERIA AGRONOMICA Y AGRICOLA,260,270,ingresante,1
2024,INGENIERIA AGRONOMICA Y AGRICOLA,270,280,ingresante,1
2024,INGENIERIA AGRONOMICA Y AGRICOLA,280,290,ingresante,1
2024,INGENIERIA AMBIENTAL,30,40,no_ingresante,1
2024,INGENIERIA AMBIENTAL,40,50,no_ingresante,1
2024,INGENIERIA AMBIENTAL,60,70,no_ingresante,1
2024,INGENIERIA AMBIENTAL,80,90,no_ingresante,1
2024,INGENIERIA AMBIENTAL,90,100,no_ingresante,2
2024,INGENIERIA AMBIENTAL,100,110,no_ingresante,1
2024,INGENIERIA AMBIENTAL,110,120,ingresante,1
2024,INGENIERIA AMBIENTAL,120,130,ingresante,5
2024,INGENIERIA AMBIENTAL,120,130,no_ingresante,8
2024,INGENIERIA AMBIENTAL,130,140,ingresante,9
2024,INGENIERIA AMBIENTAL,130,140,no_ingresante,6
2024,INGENIERIA AMBIENTAL,140,150,ingresante,11
2024,INGENIERIA AMBIENTAL,140,150,no_ingresante,4
2024,INGENIERIA AMBIENTAL,150,160,ingresante,15
2024,INGENIERIA AMBIENTAL,150,160,no_ingresante,2
2024,INGENIERIA AMBIENTAL,160,170,ingresante,9
2024,INGENIERIA AMBIENTAL,160,170,no_ingresante,2
2024,INGENIERIA AMBIENTAL,170,180,ingresante,8
2024,INGENIERIA AMBIENTAL,180,190,ingresante,6
2024,INGENIERIA AMBIENTAL,190,200,ingresante,3
2024,INGENIERIA AMBIENTAL,230,240,ingresante,1
2024,INGENIERIA AMBIENTAL,240,250,ingresante,1
2024,INGENIERIA AMBIENTAL,250,260,ingresante,1
2024,INGENIERIA BIOTECNOLOGICA,0,10,no_ingresante,1
2024,INGENIERIA BIOTECNOLOGICA,50,60,no_ingresante,1
2024,INGENIERIA BIOTECNOLOGICA,60,70,no_ingresante,1
2024,INGENIERIA BIOTECNOLOGICA,70,80,no_ingresante,1
2024,INGENIERIA BIOTECNOLOGICA,90,100,no_ingresante,1
2024,INGENIERIA BIOTECNOLOGICA,100,110,no_ingresante,2
2024,INGENIERIA BIOTECNOLOGICA,110,120,ingresante,1
2024,INGENIERIA BIOTECNOLOGICA,110,120,no_ingresante,1
2024,INGENIERIA BIOTECNOLOGICA,120,130,ingresante,6
2024,INGENIERIA BIOTECNOLOGICA,120,130,no_ingresante,1
2024,INGENIERIA BIOTECNOLOGICA,130,140,ingresante,8
2024,INGENIERIA BIOTECNOLOGICA,130,140,no_ingresante,3
2024,INGENIERIA BIOTECNOLOGICA,140,150,ingresante,19
2024,INGENIERIA BIOTECNOLOGICA,140,150,no_ingresante,2
2024,INGENIERIA BIOTECNOLOGICA,150,160,ingresante,26
2024,INGENIERIA BIOTECNOLOGICA,150,160,no_ingresante,3
2024,INGENIERIA BIOTECNOLOGICA,160,170,ingresante,14
2024,INGENIERIA BIOTECNOLOGICA,170,180,ingresante,21
2024,INGENIERIA BIOTECNOLOGICA,180,190,ingresante,17
2024,INGENIERIA BIOTECNOLOGICA,190,200,ingresante,16
2024,INGENIERIA BIOTECNOLOGICA,200,210,ingresante,9
2024,INGENIERIA BIOTECNOLOGICA,210,220,ingresante,4
2024,INGENIERIA BIOTECNOLOGICA,220,230,ingresante,3
2024,INGENIERIA BIOTECNOLOGICA,230,240,ingresante,4
2024,INGENIERIA CIVIL,0,10,no_ingresante,1
2024,INGENIERIA CIVIL,40,50,no_ingresante,4
2024,INGENIERIA CIVIL,50,60,no_ingresante,4
2024,INGENIERIA CIVIL,60,70,no_ingresante,1
2024,INGENIERIA CIVIL,70,80,no_ingresante,6
2024,INGENIERIA CIVIL,80,90,no_ingresante,5
2024,INGENIERIA CIVIL,90,100,no_ingresante,6
2024,INGENIERIA CIVIL,100,110,no_ingresante,4
2024,INGENIERIA CIVIL,110,120,ingresante,2
2024,INGENIERIA CIVIL,110,120,no_ingresante,6
2024,INGENIERIA CIVIL,120,130,no_ingresante,19
2024,INGENIERIA CIVIL,130,140,ingresante,4
2024,INGENIERIA CIVIL,130,140,no_ingresante,33
2024,INGENIERIA CIVIL,140,150,ingresante,13
2024,INGENIERIA CIVIL,140,150,no_ingresante,49
2024,INGENIERIA CIVIL,150,160,ingresante,56
2024,INGENIERIA CIVIL,150,160,no_ingresante,24
2024,INGENIERIA CIVIL,160,170,ingresante,53
2024,INGENIERIA CIVIL,160,170,no_ingresante,5
2024,INGENIERIA CIVIL,170,180,ingresante,27
2024,INGENIERIA CIVIL,170,180,no_ingresante,3
2024,INGENIERIA CIVIL,180,190,ingresante,22
2024,INGENIERIA CIVIL,180,190,no_ingresante,1
2024,INGENIERIA CIVIL,190,200,ingresante,15
2024,INGENIERIA CIVIL,200,210,ingresante,7
2024,INGENIERIA CIVIL,210,220,ingresante,11
2024,INGENIERIA CIVIL,220,230,ingresante,4
2024,INGENIERIA CIVIL,230,240,ingresante,2
2024,INGENIERIA CIVIL,240,250,ingresante,1
2024,INGENIERIA CIVIL,250,260,ingresante,3
2024,INGENIERIA CIVIL,260,270,ingresante,1
2024,INGENIERIA CIVIL,270,280,ingresante,1
2024,INGENIERIA CIVIL,280,290,ingresante,1
2024,INGENIERIA COMERCIAL,50,60,no_ingresante,1
2024,INGENIERIA COMERCIAL,70,80,no_ingresante,1
2024,INGENIERIA COMERCIAL,80,90,no_ingresante,3
2024,INGENIERIA COMERCIAL,100,110,no_ingresante,4
2024,INGENIERIA COMERCIAL,110,120,ingresante,1
2024,INGENIERIA COMERCIAL,110,120,no_ingresante,1
2024,INGENIERIA COMERCIAL,120,130,ingresante,4
2024,INGENIERIA COMERCIAL,120,130,no_ingresante,11
2024,INGENIERIA COMERCIAL,130,140,ingresante,17
2024,INGENIERIA COMERCIAL,130,140,no_ingresante,8
2024,INGENIERIA COMERCIAL,140,150,ingresante,36
2024,INGENIERIA COMERCIAL,140,150,no_ingresante,2
2024,INGENIERIA COMERCIAL,150,160,ingresante,33
2024,INGENIERIA COMERCIAL,160,170,ingresante,29
2024,INGENIERIA COMERCIAL,170,180,ingresante,20
2024,INGENIERIA COMERCIAL,180,190,ingresante,21
2024,INGENIERIA COMERCIAL,190,200,ingresante,10
2024,INGENIERIA COMERCIAL,200,210,ingresante,9
2024,INGENIERIA COMERCIAL,210,220,ingresante,5
2024,INGENIERIA COMERCIAL,220,230,ingresante,6
2024,INGENIERIA COMERCIAL,230,240,ingresante,1
2024,INGENIERIA COMERCIAL,250,260,ingresante,1
2024,INGENIERIA DE INDUSTRIA ALIMENTARIA,0,10,no_ingresante,2
2024,INGENIERIA DE INDUSTRIA ALIMENTARIA,40,50,no_ingresante,2
2024,INGENIERIA DE INDUSTRIA ALIMENTARIA,80,90,ingresante,1
2024,INGENIERIA DE INDUSTRIA ALIMENTARIA,80,90,no_ingresante,3
2024,INGENIERIA DE INDUSTRIA ALIMENTARIA,90,100,no_ingresante,1
2024,INGENIERIA DE INDUSTRIA ALIMENTARIA,100,110,ingresante,3
2024,INGENIERIA DE INDUSTRIA ALIMENTARIA,100,110,no_ingresante,5
2024,INGENIERIA DE INDUSTRIA ALIMENTARIA,110,120,ingresante,3
2024,INGENIERIA DE INDUSTRIA ALIMENTARIA,110,120,no_ingresante,2
2024,INGENIERIA DE INDUSTRIA ALIMENTARIA,120,130,ingresante,7
2024,INGENIERIA DE INDUSTRIA ALIMENTARIA,120,130,no_ingresante,4
2024,INGENIERIA DE INDUSTRIA ALIMENTARIA,130,140,ingresante,10
2024,INGENIERIA DE INDUSTRIA ALIMENTARIA,130,140,no_ingresante,3
2024,INGENIERIA DE INDUSTRIA ALIMENTARIA,140,150,ingresante,6
2024,INGENIERIA DE INDUSTRIA ALIMENTARIA,140,150,no_ingresante,5
2024,INGENIERIA DE INDUSTRIA ALIMENTARIA,150,160,ingresante,6
2024,INGENIERIA DE INDUSTRIA ALIMENTARIA,150,160,no_ingresante,4
2024,INGENIERIA DE INDUSTRIA ALIMENTARIA,160,170,ingresante,8
2024,INGENIERIA DE INDUSTRIA ALIMENTARIA,170,180,ingresante,8
2024,INGENIERIA DE INDUSTRIA ALIMENTARIA,180,190,ingresante,6
2024,INGENIERIA DE INDUSTRIA ALIMENTARIA,190,200,ingresante,5
2024,INGENIERIA DE INDUSTRIA ALIMENTARIA,200,210,ingresante,3
2024,INGENIERIA DE INDUSTRIA ALIMENTARIA,210,220,ingresante,3
2024,INGENIERIA DE INDUSTRIA ALIMENTARIA,220,230,ingresante,3
2024,INGENIERIA DE INDUSTRIA ALIMENTARIA,230,240,ingresante,2
2024,INGENIERIA DE INDUSTRIA ALIMENTARIA,250,260,ingresante,1
2024,INGENIERIA DE MINAS,0,10,no_ingresante,3
2024,INGENIERIA DE MINAS,20,30,no_ingresante,1
2024,INGENIERIA DE MINAS,40,50,no_ingresante,3
2024,INGENIERIA DE MINAS,50,60,no_ingresante,3
2024,INGENIERIA DE MINAS,70,80,no_ingresante,1
2024,INGENIERIA DE MINAS,80,90,no_ingresante,2
2024,INGENIERIA DE MINAS,90,100,no_ingresante,3
2024,INGENIERIA DE MINAS,100,110,no_ingresante,4
2024,INGENIERIA DE MINAS,110,120,no_ingresante,8
2024,INGENIERIA DE MINAS,120,130,ingresante,3
2024,INGENIERIA DE MINAS,120,130,no_ingresante,14
2024,INGENIERIA DE MINAS,130,140,ingresante,3
2024,INGENIERIA DE MINAS,130,140,no_ingresante,20
2024,INGENIERIA DE MINAS,140,150,ingresante,22
2024,INGENIERIA DE MINAS,140,150,no_ingresante,19
2024,INGENIERIA DE MINAS,150,160,ingresante,31
2024,INGENIERIA DE MINAS,150,160,no_ingresante,5
2024,INGENIERIA DE MINAS,160,170,ingresante,23
2024,INGENIERIA DE MINAS,160,170,no_ingresante,2
2024,INGENIERIA DE MINAS,170,180,ingresante,16
2024,INGENIERIA DE MINAS,170,180,no_ingresante,3
2024,INGENIERIA DE MINAS,180,190,ingresante,7
2024,INGENIERIA DE MINAS,190,200,ingresante,10
2024,INGENIERIA DE MINAS,200,210,ingresante,4
2024,INGENIERIA DE MINAS,210,220,ingresante,1
2024,INGENIERIA DE MINAS,230,240,ingresante,1
2024,INGENIERIA DE MINAS,250,260,ingresante,1
2024,INGENIERIA DE MINAS,280,290,ingresante,1
2024,INGENIERIA DE SISTEMAS,0,10,no_ingresante,1
2024,INGENIERIA DE SISTEMAS,20,30,no_ingresante,1
2024,INGENIERIA DE SISTEMAS,40,50,no_ingresante,1
2024,INGENIERIA DE SISTEMAS,50,60,no_ingresante,1
2024,INGENIERIA DE SISTEMAS,60,70,no_ingresante,2
2024,INGENIERIA DE SISTEMAS,70,80,no_ingresante,3
2024,INGENIERIA DE SISTEMAS,80,90,no_ingresante,6
2024,INGENIERIA DE SISTEMAS,90,100,no_ingresante,4
2024,INGENIERIA DE SISTEMAS,100,110,ingresante,3
2024,INGENIERIA DE SISTEMAS,100,110,no_ingresante,5
2024,INGENIERIA DE SISTEMAS,110,120,ingresante,2
2024,INGENIERIA DE SISTEMAS,110,120,no_ingresante,10
2024,INGENIERIA DE SISTEMAS,120,130,no_ingresante,25
2024,INGENIERIA DE SISTEMAS,130,140,ingresante,12
2024,INGENIERIA DE SISTEMAS,130,140,no_ingresante,33
2024,INGENIERIA DE SISTEMAS,140,150,ingresante,32
2024,INGENIERIA DE SISTEMAS,140,150,no_ingresante,20
2024,INGENIERIA DE SISTEMAS,150,160,ingresante,38
2024,INGENIERIA DE SISTEMAS,150,160,no_ingresante,9
2024,INGENIERIA DE SISTEMAS,160,170,ingresante,49
2024,INGENIERIA DE SISTEMAS,160,170,no_ingresante,3
2024,INGENIERIA DE SISTEMAS,170,180,ingresante,27
2024,INGENIERIA DE SISTEMAS,180,190,ingresante,18
2024,INGENIERIA DE SISTEMAS,190,200,ingresante,12
2024,INGENIERIA DE SISTEMAS,200,210,ingresante,7
2024,INGENIERIA DE SISTEMAS,210,220,ingresante,11
2024,INGENIERIA DE SISTEMAS,220,230,ingresante,7
2024,INGENIERIA DE SISTEMAS,230,240,ingresante,1
2024,INGENIERIA DE SISTEMAS,240,250,ingresante,2
2024,INGENIERIA DE SISTEMAS,250,260,ingresante,1
2024,"INGENIERIA EN TELECOMUNICACIONES, REDES Y CONECTIVIDAD",70,80,no_ingresante,2
2024,"INGENIERIA EN TELECOMUNICACIONES, REDES Y CONECTIVIDAD",110,120,ingresante,4
2024,"INGENIERIA EN TELECOMUNICACIONES, REDES Y CONECTIVIDAD",120,130,ingresante,2
2024,"INGENIERIA EN TELECOMUNICACIONES, REDES Y CONECTIVIDAD",130,140,ingresante,4
2024,"INGENIERIA EN TELECOMUNICACIONES, REDES Y CONECTIVIDAD",140,150,ingresante,3
2024,"INGENIERIA EN TELECOMUNICACIONES, REDES Y CONECTIVIDAD",150,160,ingresante,3
2024,"INGENIERIA EN TELECOMUNICACIONES, REDES Y CONECTIVIDAD",160,170,ingresante,3
2024,INGENIERIA INDUSTRIAL,10,20,no_ingresante,1
2024,INGENIERIA INDUSTRIAL,30,40,no_ingresante,1
2024,INGENIERIA INDUSTRIAL,40,50,no_ingresante,2
2024,INGENIERIA INDUSTRIAL,50,60,no_ingresante,1
2024,INGENIERIA INDUSTRIAL,60,70,no_ingresante,4
2024,INGENIERIA INDUSTRIAL,70,80,no_ingresante,3
2024,INGENIERIA INDUSTRIAL,80,90,no_ingresante,1
2024,INGENIERIA INDUSTRIAL,90,100,ingresante,1
2024,INGENIERIA INDUSTRIAL,90,100,no_ingresante,5
2024,INGENIERIA INDUSTRIAL,100,110,ingresante,1
2024,INGENIERIA INDUSTRIAL,100,110,no_ingresante,7
2024,INGENIERIA INDUSTRIAL,110,120,ingresante,6
2024,INGENIERIA INDUSTRIAL,110,120,no_ingresante,7
2024,INGENIERIA INDUSTRIAL,120,130,ingresante,10
2024,INGENIERIA INDUSTRIAL,120,130,no_ingresante,12
2024,INGENIERIA INDUSTRIAL,130,140,ingresante,18
2024,INGENIERIA INDUSTRIAL,130,140,no_ingresante,30
2024,INGENIERIA INDUSTRIAL,140,150,ingresante,50
2024,INGENIERIA INDUSTRIAL,140,150,no_ingresante,11
2024,INGENIERIA INDUSTRIAL,150,160,ingresante,52
2024,INGENIERIA INDUSTRIAL,150,160,no_ingresante,4
2024,INGENIERIA INDUSTRIAL,160,170,ingresante,63
2024,INGENIERIA INDUSTRIAL,160,170,no_ingresante,2
2024,INGENIERIA INDUSTRIAL,170,180,ingresante,24
2024,INGENIERIA INDUSTRIAL,170,180,no_ingresante,5
2024,INGENIERIA INDUSTRIAL,180,190,ingresante,26
2024,INGENIERIA INDUSTRIAL,180,190,no_ingresante,1
2024,INGENIERIA INDUSTRIAL,190,200,ingresante,20
2024,INGENIERIA INDUSTRIAL,200,210,ingresante,11
2024,INGENIERIA INDUSTRIAL,210,220,ingresante,7
2024,INGENIERIA INDUSTRIAL,220,230,ingresante,3
2024,INGENIERIA INDUSTRIAL,230,240,ingresante,5
2024,INGENIERIA INDUSTRIAL,240,250,ingresante,3
2024,INGENIERIA INDUSTRIAL,260,270,ingresante,2
2024,INGENIERIA MECANICA,0,10,no_ingresante,1
2024,INGENIERIA MECANICA,50,60,no_ingresante,2
2024,INGENIERIA MECANICA,80,90,no_ingresante,1
2024,INGENIERIA MECANICA,110,120,ingresante,4
2024,INGENIERIA MECANICA,110,120,no_ingresante,1
2024,INGENIERIA MECANICA,120,130,ingresante,6
2024,INGENIERIA MECANICA,120,130,no_ingresante,2
2024,INGENIERIA MECANICA,130,140,ingresante,24
2024,INGENIERIA MECANICA,130,140,no_ingresante,5
2024,INGENIERIA MECANICA,140,150,ingresante,14
2024,INGENIERIA MECANICA,140,150,no_ingresante,5
2024,INGENIERIA MECANICA,150,160,ingresante,25
2024,INGENIERIA MECANICA,160,170,ingresante,14
2024,INGENIERIA MECANICA,170,180,ingresante,14
2024,INGENIERIA MECANICA,180,190,ingresante,7
2024,INGENIERIA MECANICA,190,200,ingresante,2
2024,INGENIERIA MECANICA,200,210,ingresante,5
2024,INGENIERIA MECANICA,210,220,ingresante,2
2024,INGENIERIA MECANICA,220,230,ingresante,2
2024,INGENIERIA MECANICA,230,240,ingresante,2
2024,INGENIERIA MECANICA,270,280,ingresante,1
2024,INGENIERIA MECANICA ELECTRICA,60,70,no_ingresante,1
2024,INGENIERIA MECANICA ELECTRICA,80,90,no_ingresante,3
2024,INGENIERIA MECANICA ELECTRICA,110,120,ingresante,3
2024,INGENIERIA MECANICA ELECTRICA,120,130,ingresante,4
2024,INGENIERIA MECANICA ELECTRICA,120,130,no_ingresante,2
2024,INGENIERIA MECANICA ELECTRICA,130,140,ingresante,6
2024,INGENIERIA MECANICA ELECTRICA,130,140,no_ingresante,3
2024,INGENIERIA MECANICA ELECTRICA,140,150,ingresante,14
2024,INGENIERIA MECANICA ELECTRICA,140,150,no_ingresante,5
2024,INGENIERIA MECANICA ELECTRICA,150,160,ingresante,4
2024,INGENIERIA MECANICA ELECTRICA,160,170,ingresante,15
2024,INGENIERIA MECANICA ELECTRICA,170,180,ingresante,6
2024,INGENIERIA MECANICA ELECTRICA,180,190,ingresante,3
2024,INGENIERIA MECANICA ELECTRICA,190,200,ingresante,2
2024,INGENIERIA MECANICA ELECTRICA,200,210,ingresante,3
2024,INGENIERIA MECANICA ELECTRICA,210,220,ingresante,3
2024,INGENIERIA MECANICA ELECTRICA,220,230,ingresante,1
2024,INGENIERIA MECANICA ELECTRICA,250,260,ingresante,1
2024,INGENIERIA MECATRONICA,50,60,no_ingresante,1
2024,INGENIERIA MECATRONICA,80,90,no_ingresante,1
2024,INGENIERIA MECATRONICA,90,100,no_ingresante,3
2024,INGENIERIA MECATRONICA,100,110,no_ingresante,3
2024,INGENIERIA MECATRONICA,110,120,ingresante,1
2024,INGENIERIA MECATRONICA,110,120,no_ingresante,5
2024,INGENIERIA MECATRONICA,120,130,ingresante,3
2024,INGENIERIA MECATRONICA,120,130,no_ingresante,4
2024,INGENIERIA MECATRONICA,130,140,ingresante,13
2024,INGENIERIA MECATRONICA,130,140,no_ingresante,10
2024,INGENIERIA MECATRONICA,140,150,ingresante,18
2024,INGENIERIA MECATRONICA,140,150,no_ingresante,5
2024,INGENIERIA MECATRONICA,150,160,ingresante,20
2024,INGENIERIA MECATRONICA,150,160,no_ingresante,4
2024,INGENIERIA MECATRONICA,160,170,ingresante,24
2024,INGENIERIA MECATRONICA,160,170,no_ingresante,2
2024,INGENIERIA MECATRONICA,170,180,ingresante,11
2024,INGENIERIA MECATRONICA,180,190,ingresante,16
2024,INGENIERIA MECATRONICA,190,200,ingresante,8
2024,INGENIERIA MECATRONICA,200,210,ingresante,4
2024,INGENIERIA MECATRONICA,210,220,ingresante,6
2024,INGENIERIA MECATRONICA,220,230,ingresante,6
2024,INGENIERIA MECATRONICA,250,260,ingresante,1
2024,INGENIERIA MECATRONICA,270,280,ingresante,1
2024,MARKETING DIGITAL,40,50,no_ingresante,1
2024,MARKETING DIGITAL,60,70,no_ingresante,1
2024,MARKETING DIGITAL,80,90,no_ingresante,1
2024,MARKETING DIGITAL,100,110,no_ingresante,1
2024,MARKETING DIGITAL,110,120,no_ingresante,1
2024,MARKETING DIGITAL,120,130,ingresante,1
2024,MARKETING DIGITAL,120,130,no_ingresante,5
2024,MARKETING DIGITAL,130,140,ingresante,1
2024,MARKETING DIGITAL,130,140,no_ingresante,3
2024,MARKETING DIGITAL,140,150,ingresante,2
2024,MARKETING DIGITAL,140,150,no_ingresante,3
2024,MARKETING DIGITAL,150,160,ingresante,1
2024,MARKETING DIGITAL,150,160,no_ingresante,1
2024,MARKETING DIGITAL,160,170,ingresante,6
2024,MARKETING DIGITAL,170,180,ingresante,2
2024,MARKETING DIGITAL,180,190,ingresante,2
2024,MARKETING DIGITAL,190,200,ingresante,3
2024,MARKETING DIGITAL,200,210,ingresante,3
2024,MARKETING DIGITAL,210,220,ingresante,4
2024,MARKETING DIGITAL,220,230,ingresante,1
2024,MARKETING DIGITAL,230,240,ingresante,4
2024,MARKETING Y GESTION COMERCIAL,60,70,no_ingresante,1
2024,MARKETING Y GESTION COMERCIAL,70,80,no_ingresante,1
2024,MARKETING Y GESTION COMERCIAL,90,100,no_ingresante,3
2024,MARKETING Y GESTION COMERCIAL,100,110,no_ingresante,1
2024,MARKETING Y GESTION COMERCIAL,110,120,ingresante,2
2024,MARKETING Y GESTION COMERCIAL,110,120,no_ingresante,3
2024,MARKETING Y GESTION COMERCIAL,120,130,ingresante,3
2024,MARKETING Y GESTION COMERCIAL,120,130,no_ingresante,3
2024,MARKETING Y GESTION COMERCIAL,130,140,ingresante,1
2024,MARKETING Y GESTION COMERCIAL,130,140,no_ingresante,3
2024,MARKETING Y GESTION COMERCIAL,140,150,ingresante,1
2024,MARKETING Y GESTION COMERCIAL,140,150,no_ingresante,2
2024,MARKETING Y GESTION COMERCIAL,150,160,ingresante,3
2024,MARKETING Y GESTION COMERCIAL,150,160,no_ingresante,3
2024,MARKETING Y GESTION COMERCIAL,160,170,ingresante,7
2024,MARKETING Y GESTION COMERCIAL,170,180,ingresante,5
2024,MARKETING Y GESTION COMERCIAL,180,190,ingresante,6
2024,MARKETING Y GESTION COMERCIAL,190,200,ingresante,3
2024,MARKETING Y GESTION COMERCIAL,200,210,ingresante,5
2024,MARKETING Y GESTION COMERCIAL,210,220,ingresante,6
2024,MARKETING Y GESTION COMERCIAL,220,230,ingresante,5
2024,MARKETING Y GESTION COMERCIAL,240,250,ingresante,1
2024,MEDICINA HUMANA,0,10,no_ingresante,6
2024,MEDICINA HUMANA,10,20,no_ingresante,1
2024,MEDICINA HUMANA,20,30,no_ingresante,1
2024,MEDICINA HUMANA,30,40,no_ingresante,3
2024,MEDICINA HUMANA,40,50,no_ingresante,5
2024,MEDICINA HUMANA,50,60,no_ingresante,6
2024,MEDICINA HUMANA,60,70,no_ingresante,13
2024,MEDICINA HUMANA,70,80,no_ingresante,15
2024,MEDICINA HUMANA,80,90,no_ingresante,64
2024,MEDICINA HUMANA,90,100,no_ingresante,101
2024,MEDICINA HUMANA,100,110,no_ingresante,108
2024,MEDICINA HUMANA,110,120,no_ingresante,83
2024,MEDICINA HUMANA,120,130,no_ingresante,113
2024,MEDICINA HUMANA,130,140,ingresante,1
2024,MEDICINA HUMANA,130,140,no_ingresante,204
2024,MEDICINA HUMANA,140,150,ingresante,2
2024,MEDICINA HUMANA,140,150,no_ingresante,286
2024,MEDICINA HUMANA,150,160,ingresante,9
2024,MEDICINA HUMANA,150,160,no_ingresante,408
2024,MEDICINA HUMANA,160,170,ingresante,4
2024,MEDICINA HUMANA,160,170,no_ingresante,489
2024,MEDICINA HUMANA,170,180,ingresante,6
2024,MEDICINA HUMANA,170,180,no_ingresante,430
2024,MEDICINA HUMANA,180,190,ingresante,11
2024,MEDICINA HUMANA,180,190,no_ingresante,422
2024,MEDICINA HUMANA,190,200,ingresante,42
2024,MEDICINA HUMANA,190,200,no_ingresante,295
2024,MEDICINA HUMANA,200,210,ingresante,39
2024,MEDICINA HUMANA,200,210,no_ingresante,220
2024,MEDICINA HUMANA,210,220,ingresante,45
2024,MEDICINA HUMANA,210,220,no_ingresante,132
2024,MEDICINA HUMANA,220,230,ingresante,38
2024,MEDICINA HUMANA,220,230,no_ingresante,116
2024,MEDICINA HUMANA,230,240,ingresante,18
2024,MEDICINA HUMANA,230,240,no_ingresante,96
2024,MEDICINA HUMANA,240,250,ingresante,21
2024,MEDICINA HUMANA,240,250,no_ingresante,63
2024,MEDICINA HUMANA,250,260,ingresante,39
2024,MEDICINA HUMANA,250,260,no_ingresante,8
2024,MEDICINA HUMANA,260,270,ingresante,20
2024,MEDICINA HUMANA,270,280,ingresante,1
2024,MEDICINA HUMANA,280,290,ingresante,1
2024,MEDICINA VETERINARIA Y ZOOTECNIA,0,10,no_ingresante,1
2024,MEDICINA VETERINARIA Y ZOOTECNIA,30,40,no_ingresante,1
2024,MEDICINA VETERINARIA Y ZOOTECNIA,40,50,no_ingresante,1
2024,MEDICINA VETERINARIA Y ZOOTECNIA,60,70,no_ingresante,1
2024,MEDICINA VETERINARIA Y ZOOTECNIA,70,80,no_ingresante,5
2024,MEDICINA VETERINARIA Y ZOOTECNIA,80,90,no_ingresante,8
2024,MEDICINA VETERINARIA Y ZOOTECNIA,90,100,no_ingresante,6
2024,MEDICINA VETERINARIA Y ZOOTECNIA,100,110,ingresante,1
2024,MEDICINA VETERINARIA Y ZOOTECNIA,100,110,no_ingresante,5
2024,MEDICINA VETERINARIA Y ZOOTECNIA,110,120,ingresante,3
2024,MEDICINA VETERINARIA Y ZOOTECNIA,110,120,no_ingresante,17
2024,MEDICINA VETERINARIA Y ZOOTECNIA,120,130,ingresante,14
2024,MEDICINA VETERINARIA Y ZOOTECNIA,120,130,no_ingresante,30
2024,MEDICINA VETERINARIA Y ZOOTECNIA,130,140,ingresante,25
2024,MEDICINA VETERINARIA Y ZOOTECNIA,130,140,no_ingresante,56
2024,MEDICINA VETERINARIA Y ZOOTECNIA,140,150,ingresante,54
2024,MEDICINA VETERINARIA Y ZOOTECNIA,140,150,no_ingresante,15
2024,MEDICINA VETERINARIA Y ZOOTECNIA,150,160,ingresante,43
2024,MEDICINA VETERINARIA Y ZOOTECNIA,150,160,no_ingresante,4
2024,MEDICINA VETERINARIA Y ZOOTECNIA,160,170,ingresante,23
2024,MEDICINA VETERINARIA Y ZOOTECNIA,160,170,no_ingresante,7
2024,MEDICINA VETERINARIA Y ZOOTECNIA,170,180,ingresante,15
2024,MEDICINA VETERINARIA Y ZOOTECNIA,170,180,no_ingresante,3
2024,MEDICINA VETERINARIA Y ZOOTECNIA,180,190,ingresante,13
2024,MEDICINA VETERINARIA Y ZOOTECNIA,190,200,ingresante,6
2024,MEDICINA VETERINARIA Y ZOOTECNIA,190,200,no_ingresante,1
2024,MEDICINA VETERINARIA Y ZOOTECNIA,200,210,ingresante,5
2024,MEDICINA VETERINARIA Y ZOOTECNIA,210,220,ingresante,9
2024,MEDICINA VETERINARIA Y ZOOTECNIA,220,230,ingresante,4
2024,MEDICINA VETERINARIA Y ZOOTECNIA,230,240,ingresante,1
2024,MEDICINA VETERINARIA Y ZOOTECNIA,240,250,ingresante,1
2024,OBSTETRICIA Y PUERICULTURA,0,10,no_ingresante,1
2024,OBSTETRICIA Y PUERICULTURA,10,20,no_ingresante,1
2024,OBSTETRICIA Y PUERICULTURA,30,40,no_ingresante,3
2024,OBSTETRICIA Y PUERICULTURA,40,50,no_ingresante,1
2024,OBSTETRICIA Y PUERICULTURA,50,60,no_ingresante,3
2024,OBSTETRICIA Y PUERICULTURA,70,80,no_ingresante,3
2024,OBSTETRICIA Y PUERICULTURA,80,90,no_ingresante,9
2024,OBSTETRICIA Y PUERICULTURA,90,100,no_ingresante,4
2024,OBSTETRICIA Y PUERICULTURA,100,110,no_ingresante,5
2024,OBSTETRICIA Y PUERICULTURA,110,120,no_ingresante,16
2024,OBSTETRICIA Y PUERICULTURA,120,130,ingresante,7
2024,OBSTETRICIA Y PUERICULTURA,120,130,no_ingresante,34
2024,OBSTETRICIA Y PUERICULTURA,130,140,ingresante,12
2024,OBSTETRICIA Y PUERICULTURA,130,140,no_ingresante,38
2024,OBSTETRICIA Y PUERICULTURA,140,150,ingresante,28
2024,OBSTETRICIA Y PUERICULTURA,140,150,no_ingresante,42
2024,OBSTETRICIA Y PUERICULTURA,150,160,ingresante,27
2024,OBSTETRICIA Y PUERICULTURA,150,160,no_ingresante,10
2024,OBSTETRICIA Y PUERICULTURA,160,170,ingresante,25
2024,OBSTETRICIA Y PUERICULTURA,160,170,no_ingresante,12
2024,OBSTETRICIA Y PUERICULTURA,170,180,ingresante,20
2024,OBSTETRICIA Y PUERICULTURA,170,180,no_ingresante,4
2024,OBSTETRICIA Y PUERICULTURA,180,190,ingresante,16
2024,OBSTETRICIA Y PUERICULTURA,180,190,no_ingresante,4
2024,OBSTETRICIA Y PUERICULTURA,190,200,ingresante,5
2024,OBSTETRICIA Y PUERICULTURA,200,210,ingresante,5
2024,ODONTOLOGIA,30,40,no_ingresante,1
2024,ODONTOLOGIA,40,50,no_ingresante,2
2024,ODONTOLOGIA,50,60,no_ingresante,1
2024,ODONTOLOGIA,60,70,no_ingresante,1
2024,ODONTOLOGIA,70,80,no_ingresante,1
2024,ODONTOLOGIA,80,90,no_ingresante,4
2024,ODONTOLOGIA,90,100,no_ingresante,5
2024,ODONTOLOGIA,100,110,no_ingresante,8
2024,ODONTOLOGIA,110,120,no_ingresante,11
2024,ODONTOLOGIA,120,130,ingresante,1
2024,ODONTOLOGIA,120,130,no_ingresante,22
2024,ODONTOLOGIA,130,140,ingresante,1
2024,ODONTOLOGIA,130,140,no_ingresante,54
2024,ODONTOLOGIA,140,150,ingresante,8
2024,ODONTOLOGIA,140,150,no_ingresante,76
2024,ODONTOLOGIA,150,160,ingresante,44
2024,ODONTOLOGIA,150,160,no_ingresante,29
2024,ODONTOLOGIA,160,170,ingresante,46
2024,ODONTOLOGIA,160,170,no_ingresante,10
2024,ODONTOLOGIA,170,180,ingresante,38
2024,ODONTOLOGIA,170,180,no_ingresante,10
2024,ODONTOLOGIA,180,190,ingresante,33
2024,ODONTOLOGIA,180,190,no_ingresante,6
2024,ODONTOLOGIA,190,200,ingresante,17
2024,ODONTOLOGIA,190,200,no_ingresante,2
2024,ODONTOLOGIA,200,210,ingresante,9
2024,ODONTOLOGIA,210,220,ingresante,6
2024,ODONTOLOGIA,220,230,ingresante,4
2024,ODONTOLOGIA,230,240,ingresante,4
2024,ODONTOLOGIA,250,260,ingresante,1
2024,ODONTOLOGIA,270,280,ingresante,1
2024,PSICOLOGIA,40,50,no_ingresante,6
2024,PSICOLOGIA,50,60,no_ingresante,3
2024,PSICOLOGIA,60,70,no_ingresante,3
2024,PSICOLOGIA,70,80,no_ingresante,2
2024,PSICOLOGIA,80,90,no_ingresante,9
2024,PSICOLOGIA,90,100,no_ingresante,10
2024,PSICOLOGIA,100,110,no_ingresante,11
2024,PSICOLOGIA,110,120,no_ingresante,17
2024,PSICOLOGIA,120,130,no_ingresante,31
2024,PSICOLOGIA,130,140,ingresante,5
2024,PSICOLOGIA,130,140,no_ingresante,69
2024,PSICOLOGIA,140,150,ingresante,3
2024,PSICOLOGIA,140,150,no_ingresante,86
2024,PSICOLOGIA,150,160,ingresante,8
2024,PSICOLOGIA,150,160,no_ingresante,60
2024,PSICOLOGIA,160,170,ingresante,46
2024,PSICOLOGIA,160,170,no_ingresante,45
2024,PSICOLOGIA,170,180,ingresante,60
2024,PSICOLOGIA,170,180,no_ingresante,13
2024,PSICOLOGIA,180,190,ingresante,46
2024,PSICOLOGIA,180,190,no_ingresante,1
2024,PSICOLOGIA,190,200,ingresante,25
2024,PSICOLOGIA,190,200,no_ingresante,1
2024,PSICOLOGIA,200,210,ingresante,19
2024,PSICOLOGIA,210,220,ingresante,10
2024,PSICOLOGIA,220,230,ingresante,4
2024,PSICOLOGIA,230,240,ingresante,1
2024,PSICOLOGIA,240,250,ingresante,3
2024,PSICOLOGIA,260,270,ingresante,1
2024,PUBLICIDAD Y MULTIMEDIA,0,10,no_ingresante,1
2024,PUBLICIDAD Y MULTIMEDIA,30,40,no_ingresante,1
2024,PUBLICIDAD Y MULTIMEDIA,40,50,no_ingresante,1
2024,PUBLICIDAD Y MULTIMEDIA,50,60,no_ingresante,1
2024,PUBLICIDAD Y MULTIMEDIA,60,70,no_ingresante,1
2024,PUBLICIDAD Y MULTIMEDIA,70,80,no_ingresante,1
2024,PUBLICIDAD Y MULTIMEDIA,80,90,no_ingresante,2
2024,PUBLICIDAD Y MULTIMEDIA,90,100,no_ingresante,6
2024,PUBLICIDAD Y MULTIMEDIA,100,110,ingresante,1
2024,PUBLICIDAD Y MULTIMEDIA,110,120,ingresante,2
2024,PUBLICIDAD Y MULTIMEDIA,110,120,no_ingresante,3
2024,PUBLICIDAD Y MULTIMEDIA,120,130,ingresante,17
2024,PUBLICIDAD Y MULTIMEDIA,120,130,no_ingresante,5
2024,PUBLICIDAD Y MULTIMEDIA,130,140,ingresante,37
2024,PUBLICIDAD Y MULTIMEDIA,130,140,no_ingresante,3
2024,PUBLICIDAD Y MULTIMEDIA,140,150,ingresante,37
2024,PUBLICIDAD Y MULTIMEDIA,150,160,ingresante,40
2024,PUBLICIDAD Y MULTIMEDIA,160,170,ingresante,30
2024,PUBLICIDAD Y MULTIMEDIA,170,180,ingresante,17
2024,PUBLICIDAD Y MULTIMEDIA,180,190,ingresante,17
2024,PUBLICIDAD Y MULTIMEDIA,190,200,ingresante,10
2024,PUBLICIDAD Y MULTIMEDIA,200,210,ingresante,8
2024,PUBLICIDAD Y MULTIMEDIA,220,230,ingresante,2
2024,PUBLICIDAD Y MULTIMEDIA,230,240,ingresante,1
2024,TECNOLOGIA MEDICA EN TERAPIA FISICA Y REHABILITACION,0,10,no_ingresante,1
2024,TECNOLOGIA MEDICA EN TERAPIA FISICA Y REHABILITACION,40,50,no_ingresante,2
2024,TECNOLOGIA MEDICA EN TERAPIA FISICA Y REHABILITACION,50,60,no_ingresante,2
2024,TECNOLOGIA MEDICA EN TERAPIA FISICA Y REHABILITACION,60,70,no_ingresante,3
2024,TECNOLOGIA MEDICA EN TERAPIA FISICA Y REHABILITACION,80,90,no_ingresante,4
2024,TECNOLOGIA MEDICA EN TERAPIA FISICA Y REHABILITACION,90,100,no_ingresante,5
2024,TECNOLOGIA MEDICA EN TERAPIA FISICA Y REHABILITACION,100,110,no_ingresante,4
2024,TECNOLOGIA MEDICA EN TERAPIA FISICA Y REHABILITACION,110,120,no_ingresante,12
2024,TECNOLOGIA MEDICA EN TERAPIA FISICA Y REHABILITACION,120,130,ingresante,2
2024,TECNOLOGIA MEDICA EN TERAPIA FISICA Y REHABILITACION,120,130,no_ingresante,11
2024,TECNOLOGIA MEDICA EN TERAPIA FISICA Y REHABILITACION,130,140,ingresante,8
2024,TECNOLOGIA MEDICA EN TERAPIA FISICA Y REHABILITACION,130,140,no_ingresante,19
2024,TECNOLOGIA MEDICA EN TERAPIA FISICA Y REHABILITACION,140,150,ingresante,26
2024,TECNOLOGIA MEDICA EN TERAPIA FISICA Y REHABILITACION,140,150,no_ingresante,26
2024,TECNOLOGIA MEDICA EN TERAPIA FISICA Y REHABILITACION,150,160,ingresante,12
2024,TECNOLOGIA MEDICA EN TERAPIA FISICA Y REHABILITACION,150,160,no_ingresante,20
2024,TECNOLOGIA MEDICA EN TERAPIA FISICA Y REHABILITACION,160,170,ingresante,9
2024,TECNOLOGIA MEDICA EN TERAPIA FISICA Y REHABILITACION,160,170,no_ingresante,8
2024,TECNOLOGIA MEDICA EN TERAPIA FISICA Y REHABILITACION,170,180,ingresante,7
2024,TECNOLOGIA MEDICA EN TERAPIA FISICA Y REHABILITACION,170,180,no_ingresante,7
2024,TECNOLOGIA MEDICA EN TERAPIA FISICA Y REHABILITACION,180,190,ingresante,4
2024,TECNOLOGIA MEDICA EN TERAPIA FISICA Y REHABILITACION,180,190,no_ingresante,6
2024,TECNOLOGIA MEDICA EN TERAPIA FISICA Y REHABILITACION,190,200,ingresante,3
2024,TECNOLOGIA MEDICA EN TERAPIA FISICA Y REHABILITACION,200,210,ingresante,2
2024,TECNOLOGIA MEDICA EN TERAPIA FISICA Y REHABILITACION,210,220,ingresante,1
2024,TECNOLOGIA MEDICA EN TERAPIA FISICA Y REHABILITACION,220,230,ingresante,1
2024,TEOLOGIA,30,40,ingresante,1
2024,TEOLOGIA,80,90,ingresante,2
2024,TEOLOGIA,110,120,ingresante,3
2024,TEOLOGIA,120,130,ingresante,2
2024,TEOLOGIA,120,130,no_ingresante,1
2024,TEOLOGIA,130,140,ingresante,3
2024,TEOLOGIA,130,140,no_ingresante,1
2024,TEOLOGIA,140,150,ingresante,4
2024,TEOLOGIA,150,160,ingresante,4
2024,TEOLOGIA,160,170,ingresante,4
2024,TEOLOGIA,170,180,ingresante,2
2024,TEOLOGIA,180,190,ingresante,5
2024,TEOLOGIA,190,200,ingresante,1
2024,TEOLOGIA,200,210,ingresante,2
2024,TEOLOGIA,210,220,ingresante,2
2024,TEOLOGIA,220,230,ingresante,3
2024,TEOLOGIA,230,240,ingresante,2
2024,TRABAJO SOCIAL,0,10,no_ingresante,1
2024,TRABAJO SOCIAL,30,40,ingresante,1
2024,TRABAJO SOCIAL,50,60,ingresante,1
2024,TRABAJO SOCIAL,70,80,ingresante,1
2024,TRABAJO SOCIAL,80,90,ingresante,3
2024,TRABAJO SOCIAL,80,90,no_ingresante,4
2024,TRABAJO SOCIAL,90,100,ingresante,7
2024,TRABAJO SOCIAL,90,100,no_ingresante,4
2024,TRABAJO SOCIAL,100,110,ingresante,7
2024,TRABAJO SOCIAL,100,110,no_ingresante,5
2024,TRABAJO SOCIAL,110,120,ingresante,5
2024,TRABAJO SOCIAL,110,120,no_ingresante,1
2024,TRABAJO SOCIAL,120,130,ingresante,10
2024,TRABAJO SOCIAL,120,130,no_ingresante,3
2024,TRABAJO SOCIAL,130,140,ingresante,7
2024,TRABAJO SOCIAL,130,140,no_ingresante,4
2024,TRABAJO SOCIAL,140,150,ingresante,7
2024,TRABAJO SOCIAL,140,150,no_ingresante,3
2024,TRABAJO SOCIAL,150,160,ingresante,14
2024,TRABAJO SOCIAL,150,160,no_ingresante,5
2024,TRABAJO SOCIAL,160,170,ingresante,24
2024,TRABAJO SOCIAL,170,180,ingresante,8
2024,TRABAJO SOCIAL,180,190,ingresante,11
2024,TRABAJO SOCIAL,190,200,ingresante,19
2024,TRABAJO SOCIAL,200,210,ingresante,4
2024,TRABAJO SOCIAL,210,220,ingresante,16
2024,TRABAJO SOCIAL,220,230,ingresante,8
2024,TRABAJO SOCIAL,230,240,ingresante,4
2024,TRABAJO SOCIAL,240,250,ingresante,6
2024,TRABAJO SOCIAL,250,260,ingresante,2
2024,TRABAJO SOCIAL,260,270,ingresante,3
2024,TRABAJO SOCIAL,270,280,ingresante,2
2024,TURISMO Y GASTRONOMIA,0,10,no_ingresante,1
2024,TURISMO Y GASTRONOMIA,70,80,no_ingresante,1
2024,TURISMO Y GASTRONOMIA,80,90,no_ingresante,1
2024,TURISMO Y GASTRONOMIA,90,100,no_ingresante,1
2024,TURISMO Y GASTRONOMIA,100,110,no_ingresante,4
2024,TURISMO Y GASTRONOMIA,110,120,ingresante,1
2024,TURISMO Y GASTRONOMIA,110,120,no_ingresante,4
2024,TURISMO Y GASTRONOMIA,120,130,no_ingresante,6
2024,TURISMO Y GASTRONOMIA,130,140,ingresante,2
2024,TURISMO Y GASTRONOMIA,130,140,no_ingresante,2
2024,TURISMO Y GASTRONOMIA,140,150,ingresante,3
2024,TURISMO Y GASTRONOMIA,140,150,no_ingresante,5
2024,TURISMO Y GASTRONOMIA,150,160,ingresante,3
2024,TURISMO Y GASTRONOMIA,150,160,no_ingresante,1
2024,TURISMO Y GASTRONOMIA,160,170,ingresante,9
2024,TURISMO Y GASTRONOMIA,170,180,ingresante,5
2024,TURISMO Y GASTRONOMIA,180,190,ingresante,3
2024,TURISMO Y GASTRONOMIA,190,200,ingresante,4
2024,TURISMO Y GASTRONOMIA,200,210,ingresante,6
2024,TURISMO Y GASTRONOMIA,210,220,ingresante,4
2024,TURISMO Y GASTRONOMIA,220,230,ingresante,1
2024,TURISMO Y GASTRONOMIA,230,240,ingresante,2
2024,TURISMO Y GASTRONOMIA,240,250,ingresante,2
2025,ADMINISTRACION DE EMPRESAS,0,10,no_ingresante,1
2025,ADMINISTRACION DE EMPRESAS,50,60,no_ingresante,2
2025,ADMINISTRACION DE EMPRESAS,70,80,no_ingresante,1
2025,ADMINISTRACION DE EMPRESAS,80,90,no_ingresante,1
2025,ADMINISTRACION DE EMPRESAS,90,100,no_ingresante,1
2025,ADMINISTRACION DE EMPRESAS,100,110,ingresante,6
2025,ADMINISTRACION DE EMPRESAS,100,110,no_ingresante,4
2025,ADMINISTRACION DE EMPRESAS,110,120,ingresante,4
2025,ADMINISTRACION DE EMPRESAS,120,130,ingresante,16
2025,ADMINISTRACION DE EMPRESAS,130,140,ingresante,37
2025,ADMINISTRACION DE EMPRESAS,140,150,ingresante,57
2025,ADMINISTRACION DE EMPRESAS,150,160,ingresante,43
2025,ADMINISTRACION DE EMPRESAS,160,170,ingresante,19
2025,ADMINISTRACION DE EMPRESAS,170,180,ingresante,16
2025,ADMINISTRACION DE EMPRESAS,180,190,ingresante,5
2025,ADMINISTRACION DE EMPRESAS,200,210,ingresante,1
2025,ADMINISTRACION DE EMPRESAS,210,220,ingresante,1
2025,ADMINISTRACION DE EMPRESAS,230,240,ingresante,2
2025,ADMINISTRACION DE EMPRESAS,240,250,ingresante,1
2025,ADMINISTRACION DE EMPRESAS,250,260,ingresante,2
2025,ADMINISTRACION Y NEGOCIOS INTERNACIONALES,0,10,no_ingresante,2
2025,ADMINISTRACION Y NEGOCIOS INTERNACIONALES,40,50,no_ingresante,1
2025,ADMINISTRACION Y NEGOCIOS INTERNACIONALES,50,60,no_ingresante,1
2025,ADMINISTRACION Y NEGOCIOS INTERNACIONALES,70,80,ingresante,1
2025,ADMINISTRACION Y NEGOCIOS INTERNACIONALES,70,80,no_ingresante,3
2025,ADMINISTRACION Y NEGOCIOS INTERNACIONALES,80,90,no_ingresante,1
2025,ADMINISTRACION Y NEGOCIOS INTERNACIONALES,90,100,ingresante,2
2025,ADMINISTRACION Y NEGOCIOS INTERNACIONALES,90,100,no_ingresante,6
2025,ADMINISTRACION Y NEGOCIOS INTERNACIONALES,100,110,ingresante,2
2025,ADMINISTRACION Y NEGOCIOS INTERNACIONALES,100,110,no_ingresante,10
2025,ADMINISTRACION Y NEGOCIOS INTERNACIONALES,110,120,no_ingresante,8
2025,ADMINISTRACION Y NEGOCIOS INTERNACIONALES,120,130,ingresante,1
2025,ADMINISTRACION Y NEGOCIOS INTERNACIONALES,120,130,no_ingresante,7
2025,ADMINISTRACION Y NEGOCIOS INTERNACIONALES,130,140,no_ingresante,13
2025,ADMINISTRACION Y NEGOCIOS INTERNACIONALES,140,150,no_ingresante,3
2025,ADMINISTRACION Y NEGOCIOS INTERNACIONALES,150,160,ingresante,1
2025,ADMINISTRACION Y NEGOCIOS INTERNACIONALES,150,160,no_ingresante,14
2025,ADMINISTRACION Y NEGOCIOS INTERNACIONALES,160,170,ingresante,1
2025,ADMINISTRACION Y NEGOCIOS INTERNACIONALES,160,170,no_ingresante,17
2025,ADMINISTRACION Y NEGOCIOS INTERNACIONALES,170,180,ingresante,2
2025,ADMINISTRACION Y NEGOCIOS INTERNACIONALES,170,180,no_ingresante,3
2025,ADMINISTRACION Y NEGOCIOS INTERNACIONALES,180,190,ingresante,2
2025,ADMINISTRACION Y NEGOCIOS INTERNACIONALES,180,190,no_ingresante,9
2025,ADMINISTRACION Y NEGOCIOS INTERNACIONALES,190,200,ingresante,1
2025,ADMINISTRACION Y NEGOCIOS INTERNACIONALES,220,230,ingresante,1
2025,ADMINISTRACION Y NEGOCIOS INTERNACIONALES,220,230,no_ingresante,1
2025,ADMINISTRACION Y NEGOCIOS INTERNACIONALES,230,240,ingresante,1
2025,ADMINISTRACION Y NEGOCIOS INTERNACIONALES,240,250,ingresante,3
2025,ADMINISTRACION Y NEGOCIOS INTERNACIONALES,250,260,ingresante,39
2025,ADMINISTRACION Y NEGOCIOS INTERNACIONALES,260,270,ingresante,16
2025,ADMINISTRACION Y NEGOCIOS INTERNACIONALES,270,280,ingresante,13
2025,ADMINISTRACION Y NEGOCIOS INTERNACIONALES,280,290,ingresante,3
2025,APRESTAMIENTO,30,40,no_ingresante,1
2025,APRESTAMIENTO,40,50,no_ingresante,1
2025,APRESTAMIENTO,80,90,no_ingresante,1
2025,APRESTAMIENTO,130,140,no_ingresante,1
2025,ARQUITECTURA,20,30,no_ingresante,1
2025,ARQUITECTURA,40,50,no_ingresante,1
2025,ARQUITECTURA,50,60,no_ingresante,2
2025,ARQUITECTURA,70,80,no_ingresante,2
2025,ARQUITECTURA,80,90,no_ingresante,4
2025,ARQUITECTURA,90,100,ingresante,4
2025,ARQUITECTURA,90,100,no_ingresante,5
2025,ARQUITECTURA,100,110,ingresante,6
2025,ARQUITECTURA,100,110,no_ingresante,1
2025,ARQUITECTURA,110,120,ingresante,9
2025,ARQUITECTURA,110,120,no_ingresante,3
2025,ARQUITECTURA,120,130,ingresante,32
2025,ARQUITECTURA,120,130,no_ingresante,1
2025,ARQUITECTURA,130,140,ingresante,43
2025,ARQUITECTURA,140,150,ingresante,40
2025,ARQUITECTURA,150,160,ingresante,25
2025,ARQUITECTURA,160,170,ingresante,14
2025,ARQUITECTURA,170,180,ingresante,5
2025,ARQUITECTURA,180,190,ingresante,4
2025,ARQUITECTURA,200,210,ingresante,1
2025,ARQUITECTURA,230,240,ingresante,1
2025,ARQUITECTURA,240,250,ingresante,3
2025,ARQUITECTURA,250,260,ingresante,7
2025,ARQUITECTURA,260,270,ingresante,3
2025,ARQUITECTURA,280,290,ingresante,1
2025,ARQUITECTURA,290,300,ingresante,1
2025,CIENCIA POLITICA Y GOBIERNO,40,50,no_ingresante,1
2025,CIENCIA POLITICA Y GOBIERNO,80,90,ingresante,1
2025,CIENCIA POLITICA Y GOBIERNO,80,90,no_ingresante,3
2025,CIENCIA POLITICA Y GOBIERNO,90,100,ingresante,1
2025,CIENCIA POLITICA Y GOBIERNO,90,100,no_ingresante,1
2025,CIENCIA POLITICA Y GOBIERNO,100,110,ingresante,4
2025,CIENCIA POLITICA Y GOBIERNO,100,110,no_ingresante,2
2025,CIENCIA POLITICA Y GOBIERNO,110,120,ingresante,2
2025,CIENCIA POLITICA Y GOBIERNO,110,120,no_ingresante,1
2025,CIENCIA POLITICA Y GOBIERNO,120,130,ingresante,6
2025,CIENCIA POLITICA Y GOBIERNO,120,130,no_ingresante,2
2025,CIENCIA POLITICA Y GOBIERNO,130,140,ingresante,8
2025,CIENCIA POLITICA Y GOBIERNO,130,140,no_ingresante,1
2025,CIENCIA POLITICA Y GOBIERNO,140,150,ingresante,14
2025,CIENCIA POLITICA Y GOBIERNO,140,150,no_ingresante,4
2025,CIENCIA POLITICA Y GOBIERNO,150,160,ingresante,6
2025,CIENCIA POLITICA Y GOBIERNO,150,160,no_ingresante,1
2025,CIENCIA POLITICA Y GOBIERNO,160,170,ingresante,4
2025,CIENCIA POLITICA Y GOBIERNO,160,170,no_ingresante,3
2025,CIENCIA POLITICA Y GOBIERNO,170,180,ingresante,6
2025,CIENCIA POLITICA Y GOBIERNO,180,190,ingresante,9
2025,CIENCIA POLITICA Y GOBIERNO,180,190,no_ingresante,3
2025,CIENCIA POLITICA Y GOBIERNO,190,200,ingresante,8
2025,CIENCIA POLITICA Y GOBIERNO,200,210,ingresante,6
2025,CIENCIA POLITICA Y GOBIERNO,210,220,ingresante,3
2025,CIENCIA POLITICA Y GOBIERNO,220,230,ingresante,6
2025,CIENCIA POLITICA Y GOBIERNO,230,240,ingresante,8
2025,CIENCIA POLITICA Y GOBIERNO,240,250,ingresante,9
2025,CIENCIA POLITICA Y GOBIERNO,250,260,ingresante,6
2025,CIENCIA POLITICA Y GOBIERNO,260,270,ingresante,7
2025,CIENCIA POLITICA Y GOBIERNO,270,280,ingresante,6
2025,COMUNICACION SOCIAL,50,60,no_ingresante,1
2025,COMUNICACION SOCIAL,60,70,no_ingresante,1
2025,COMUNICACION SOCIAL,80,90,ingresante,1
2025,COMUNICACION SOCIAL,80,90,no_ingresante,2
2025,COMUNICACION SOCIAL,90,100,ingresante,1
2025,COMUNICACION SOCIAL,90,100,no_ingresante,1
2025,COMUNICACION SOCIAL,110,120,ingresante,2
2025,COMUNICACION SOCIAL,120,130,ingresante,5
2025,COMUNICACION SOCIAL,130,140,ingresante,7
2025,COMUNICACION SOCIAL,140,150,ingresante,15
2025,COMUNICACION SOCIAL,150,160,ingresante,18
2025,COMUNICACION SOCIAL,160,170,ingresante,7
2025,COMUNICACION SOCIAL,170,180,ingresante,2
2025,COMUNICACION SOCIAL,180,190,ingresante,1
2025,COMUNICACION SOCIAL,240,250,ingresante,3
2025,COMUNICACION SOCIAL,270,280,ingresante,1
2025,CONTABILIDAD,0,10,no_ingresante,2
2025,CONTABILIDAD,60,70,ingresante,2
2025,CONTABILIDAD,60,70,no_ingresante,1
2025,CONTABILIDAD,70,80,no_ingresante,2
2025,CONTABILIDAD,80,90,ingresante,1
2025,CONTABILIDAD,80,90,no_ingresante,3
2025,CONTABILIDAD,90,100,no_ingresante,7
2025,CONTABILIDAD,100,110,ingresante,3
2025,CONTABILIDAD,100,110,no_ingresante,5
2025,CONTABILIDAD,110,120,ingresante,10
2025,CONTABILIDAD,110,120,no_ingresante,5
2025,CONTABILIDAD,120,130,ingresante,5
2025,CONTABILIDAD,120,130,no_ingresante,5
2025,CONTABILIDAD,130,140,ingresante,8
2025,CONTABILIDAD,130,140,no_ingresante,8
2025,CONTABILIDAD,140,150,ingresante,9
2025,CONTABILIDAD,140,150,no_ingresante,1
2025,CONTABILIDAD,150,160,ingresante,16
2025,CONTABILIDAD,150,160,no_ingresante,11
2025,CONTABILIDAD,160,170,ingresante,18
2025,CONTABILIDAD,160,170,no_ingresante,10
2025,CONTABILIDAD,170,180,ingresante,4
2025,CONTABILIDAD,170,180,no_ingresante,3
2025,CONTABILIDAD,180,190,ingresante,15
2025,CONTABILIDAD,180,190,no_ingresante,6
2025,CONTABILIDAD,190,200,ingresante,8
2025,CONTABILIDAD,200,210,ingresante,12
2025,CONTABILIDAD,210,220,ingresante,23
2025,CONTABILIDAD,220,230,ingresante,17
2025,CONTABILIDAD,230,240,ingresante,16
2025,CONTABILIDAD,240,250,ingresante,16
2025,CONTABILIDAD,250,260,ingresante,17
2025,CONTABILIDAD,260,270,ingresante,11
2025,CONTABILIDAD,270,280,ingresante,11
2025,CONTABILIDAD,280,290,ingresante,1
2025,DERECHO,0,10,no_ingresante,2
2025,DERECHO,30,40,no_ingresante,1
2025,DERECHO,40,50,no_ingresante,4
2025,DERECHO,50,60,no_ingresante,4
2025,DERECHO,60,70,no_ingresante,1
2025,DERECHO,70,80,no_ingresante,1
2025,DERECHO,80,90,no_ingresante,5
2025,DERECHO,90,100,no_ingresante,12
2025,DERECHO,100,110,no_ingresante,14
2025,DERECHO,110,120,ingresante,12
2025,DERECHO,110,120,no_ingresante,13
2025,DERECHO,120,130,ingresante,21
2025,DERECHO,120,130,no_ingresante,15
2025,DERECHO,130,140,ingresante,33
2025,DERECHO,130,140,no_ingresante,10
2025,DERECHO,140,150,ingresante,31
2025,DERECHO,140,150,no_ingresante,27
2025,DERECHO,150,160,ingresante,27
2025,DERECHO,150,160,no_ingresante,29
2025,DERECHO,160,170,ingresante,56
2025,DERECHO,160,170,no_ingresante,11
2025,DERECHO,170,180,ingresante,50
2025,DERECHO,170,180,no_ingresante,1
2025,DERECHO,180,190,ingresante,25
2025,DERECHO,180,190,no_ingresante,1
2025,DERECHO,190,200,ingresante,19
2025,DERECHO,190,200,no_ingresante,1
2025,DERECHO,200,210,ingresante,6
2025,DERECHO,200,210,no_ingresante,3
2025,DERECHO,210,220,ingresante,2
2025,DERECHO,220,230,ingresante,3
2025,DERECHO,230,240,ingresante,6
2025,DERECHO,240,250,ingresante,7
2025,DERECHO,250,260,ingresante,10
2025,DERECHO,260,270,ingresante,3
2025,DERECHO,280,290,ingresante,1
2025,DISENO GRAFICO PUBLICITARIO,60,70,no_ingresante,1
2025,DISENO GRAFICO PUBLICITARIO,90,100,no_ingresante,4
2025,DISENO GRAFICO PUBLICITARIO,100,110,ingresante,1
2025,DISENO GRAFICO PUBLICITARIO,110,120,no_ingresante,3
2025,DISENO GRAFICO PUBLICITARIO,120,130,ingresante,1
2025,DISENO GRAFICO PUBLICITARIO,120,130,no_ingresante,1
2025,DISENO GRAFICO PUBLICITARIO,130,140,ingresante,4
2025,DISENO GRAFICO PUBLICITARIO,140,150,no_ingresante,3
2025,DISENO GRAFICO PUBLICITARIO,150,160,ingresante,1
2025,DISENO GRAFICO PUBLICITARIO,150,160,no_ingresante,3
2025,DISENO GRAFICO PUBLICITARIO,160,170,ingresante,3
2025,DISENO GRAFICO PUBLICITARIO,160,170,no_ingresante,4
2025,DISENO GRAFICO PUBLICITARIO,170,180,no_ingresante,3
2025,DISENO GRAFICO PUBLICITARIO,180,190,no_ingresante,3
2025,DISENO GRAFICO PUBLICITARIO,190,200,ingresante,5
2025,DISENO GRAFICO PUBLICITARIO,210,220,ingresante,1
2025,DISENO GRAFICO PUBLICITARIO,220,230,ingresante,5
2025,DISENO GRAFICO PUBLICITARIO,230,240,ingresante,4
2025,DISENO GRAFICO PUBLICITARIO,240,250,ingresante,6
2025,DISENO GRAFICO PUBLICITARIO,250,260,ingresante,8
2025,DISENO GRAFICO PUBLICITARIO,260,270,ingresante,4
2025,DISENO GRAFICO PUBLICITARIO,270,280,ingresante,3
2025,DISENO GRAFICO PUBLICITARIO,280,290,ingresante,2
2025,ECONOMIA Y FINANZAS,60,70,ingresante,1
2025,ECONOMIA Y FINANZAS,70,80,no_ingresante,1
2025,ECONOMIA Y FINANZAS,80,90,no_ingresante,2
2025,ECONOMIA Y FINANZAS,90,100,ingresante,2
2025,ECONOMIA Y FINANZAS,90,100,no_ingresante,1
2025,ECONOMIA Y FINANZAS,100,110,ingresante,3
2025,ECONOMIA Y FINANZAS,100,110,no_ingresante,2
2025,ECONOMIA Y FINANZAS,110,120,ingresante,2
2025,ECONOMIA Y FINANZAS,110,120,no_ingresante,3
2025,ECONOMIA Y FINANZAS,120,130,ingresante,3
2025,ECONOMIA Y FINANZAS,120,130,no_ingresante,4
2025,ECONOMIA Y FINANZAS,130,140,ingresante,3
2025,ECONOMIA Y FINANZAS,130,140,no_ingresante,3
2025,ECONOMIA Y FINANZAS,140,150,ingresante,2
2025,ECONOMIA Y FINANZAS,140,150,no_ingresante,2
2025,ECONOMIA Y FINANZAS,150,160,ingresante,4
2025,ECONOMIA Y FINANZAS,150,160,no_ingresante,3
2025,ECONOMIA Y FINANZAS,160,170,ingresante,4
2025,ECONOMIA Y FINANZAS,160,170,no_ingresante,6
2025,ECONOMIA Y FINANZAS,170,180,ingresante,2
2025,ECONOMIA Y FINANZAS,170,180,no_ingresante,2
2025,ECONOMIA Y FINANZAS,180,190,ingresante,9
2025,ECONOMIA Y FINANZAS,180,190,no_ingresante,2
2025,ECONOMIA Y FINANZAS,190,200,ingresante,10
2025,ECONOMIA Y FINANZAS,200,210,ingresante,10
2025,ECONOMIA Y FINANZAS,210,220,ingresante,13
2025,ECONOMIA Y FINANZAS,220,230,ingresante,11
2025,ECONOMIA Y FINANZAS,230,240,ingresante,4
2025,ECONOMIA Y FINANZAS,240,250,ingresante,10
2025,ECONOMIA Y FINANZAS,250,260,ingresante,5
2025,ECONOMIA Y FINANZAS,260,270,ingresante,4
2025,ECONOMIA Y FINANZAS,270,280,ingresante,11
2025,ECONOMIA Y FINANZAS,280,290,ingresante,2
2025,EDUCACION INICIAL,50,60,no_ingresante,1
2025,EDUCACION INICIAL,90,100,ingresante,1
2025,EDUCACION INICIAL,90,100,no_ingresante,1
2025,EDUCACION INICIAL,100,110,ingresante,1
2025,EDUCACION INICIAL,100,110,no_ingresante,1
2025,EDUCACION INICIAL,110,120,ingresante,3
2025,EDUCACION INICIAL,120,130,ingresante,3
2025,EDUCACION INICIAL,130,140,ingresante,6
2025,EDUCACION INICIAL,140,150,ingresante,9
2025,EDUCACION INICIAL,150,160,ingresante,9
2025,EDUCACION INICIAL,160,170,ingresante,4
2025,EDUCACION INICIAL,250,260,ingresante,3
2025,EDUCACION SECUNDARIA,0,10,no_ingresante,1
2025,EDUCACION SECUNDARIA,20,30,no_ingresante,1
2025,EDUCACION SECUNDARIA,40,50,no_ingresante,1
2025,EDUCACION SECUNDARIA,60,70,ingresante,1
2025,EDUCACION SECUNDARIA,80,90,ingresante,4
2025,EDUCACION SECUNDARIA,80,90,no_ingresante,1
2025,EDUCACION SECUNDARIA,100,110,ingresante,3
2025,EDUCACION SECUNDARIA,110,120,ingresante,3
2025,EDUCACION SECUNDARIA,110,120,no_ingresante,3
2025,EDUCACION SECUNDARIA,120,130,ingresante,1
2025,EDUCACION SECUNDARIA,120,130,no_ingresante,2
2025,EDUCACION SECUNDARIA,130,140,ingresante,3
2025,EDUCACION SECUNDARIA,140,150,ingresante,2
2025,EDUCACION SECUNDARIA,140,150,no_ingresante,1
2025,EDUCACION SECUNDARIA,150,160,ingresante,4
2025,EDUCACION SECUNDARIA,150,160,no_ingresante,1
2025,EDUCACION SECUNDARIA,160,170,ingresante,2
2025,EDUCACION SECUNDARIA,160,170,no_ingresante,1
2025,EDUCACION SECUNDARIA,170,180,ingresante,4
2025,EDUCACION SECUNDARIA,180,190,ingresante,1
2025,EDUCACION SECUNDARIA,180,190,no_ingresante,1
2025,EDUCACION SECUNDARIA,190,200,ingresante,6
2025,EDUCACION SECUNDARIA,200,210,ingresante,4
2025,EDUCACION SECUNDARIA,210,220,ingresante,7
2025,EDUCACION SECUNDARIA,220,230,ingresante,5
2025,EDUCACION SECUNDARIA,230,240,ingresante,2
2025,EDUCACION SECUNDARIA,240,250,ingresante,1
2025,EDUCACION SECUNDARIA,250,260,ingresante,6
2025,EDUCACION SECUNDARIA,270,280,ingresante,5
2025,EDUCACION SECUNDARIA,280,290,ingresante,1
2025,ENFERMERIA,40,50,no_ingresante,2
2025,ENFERMERIA,50,60,no_ingresante,4
2025,ENFERMERIA,60,70,no_ingresante,2
2025,ENFERMERIA,70,80,no_ingresante,4
2025,ENFERMERIA,80,90,no_ingresante,3
2025,ENFERMERIA,90,100,no_ingresante,11
2025,ENFERMERIA,100,110,ingresante,2
2025,ENFERMERIA,100,110,no_ingresante,18
2025,ENFERMERIA,110,120,ingresante,5
2025,ENFERMERIA,110,120,no_ingresante,30
2025,ENFERMERIA,120,130,ingresante,7
2025,ENFERMERIA,120,130,no_ingresante,40
2025,ENFERMERIA,130,140,ingresante,19
2025,ENFERMERIA,130,140,no_ingresante,39
2025,ENFERMERIA,140,150,ingresante,36
2025,ENFERMERIA,140,150,no_ingresante,41
2025,ENFERMERIA,150,160,ingresante,40
2025,ENFERMERIA,150,160,no_ingresante,14
2025,ENFERMERIA,160,170,ingresante,33
2025,ENFERMERIA,160,170,no_ingresante,1
2025,ENFERMERIA,170,180,ingresante,9
2025,ENFERMERIA,180,190,ingresante,1
2025,ENFERMERIA,190,200,ingresante,1
2025,ENFERMERIA,210,220,ingresante,1
2025,ENFERMERIA,220,230,ingresante,5
2025,ENFERMERIA,230,240,ingresante,1
2025,ENFERMERIA,240,250,ingresante,3
2025,ENFERMERIA,250,260,ingresante,4
2025,ENFERMERIA,260,270,ingresante,1
2025,FARMACIA Y BIOQUIMICA,0,10,no_ingresante,1
2025,FARMACIA Y BIOQUIMICA,40,50,no_ingresante,2
2025,FARMACIA Y BIOQUIMICA,50,60,no_ingresante,1
2025,FARMACIA Y BIOQUIMICA,70,80,ingresante,1
2025,FARMACIA Y BIOQUIMICA,70,80,no_ingresante,1
2025,FARMACIA Y BIOQUIMICA,80,90,no_ingresante,3
2025,FARMACIA Y BIOQUIMICA,90,100,ingresante,3
2025,FARMACIA Y BIOQUIMICA,90,100,no_ingresante,8
2025,FARMACIA Y BIOQUIMICA,100,110,ingresante,4
2025,FARMACIA Y BIOQUIMICA,100,110,no_ingresante,1
2025,FARMACIA Y BIOQUIMICA,110,120,ingresante,20
2025,FARMACIA Y BIOQUIMICA,120,130,ingresante,18
2025,FARMACIA Y BIOQUIMICA,130,140,ingresante,33
2025,FARMACIA Y BIOQUIMICA,140,150,ingresante,29
2025,FARMACIA Y BIOQUIMICA,140,150,no_ingresante,1
2025,FARMACIA Y BIOQUIMICA,150,160,ingresante,24
2025,FARMACIA Y BIOQUIMICA,160,170,ingresante,18
2025,FARMACIA Y BIOQUIMICA,170,180,ingresante,9
2025,FARMACIA Y BIOQUIMICA,180,190,ingresante,5
2025,FARMACIA Y BIOQUIMICA,190,200,ingresante,2
2025,FARMACIA Y BIOQUIMICA,200,210,ingresante,1
2025,FARMACIA Y BIOQUIMICA,220,230,ingresante,1
2025,FARMACIA Y BIOQUIMICA,260,270,ingresante,1
2025,FARMACIA Y BIOQUIMICA,270,280,ingresante,1
2025,INGENIERIA AGRONOMICA Y AGRICOLA,0,10,no_ingresante,3
2025,INGENIERIA AGRONOMICA Y AGRICOLA,20,30,ingresante,1
2025,INGENIERIA AGRONOMICA Y AGRICOLA,30,40,no_ingresante,2
2025,INGENIERIA AGRONOMICA Y AGRICOLA,50,60,no_ingresante,1
2025,INGENIERIA AGRONOMICA Y AGRICOLA,60,70,ingresante,2
2025,INGENIERIA AGRONOMICA Y AGRICOLA,60,70,no_ingresante,9
2025,INGENIERIA AGRONOMICA Y AGRICOLA,70,80,ingresante,1
2025,INGENIERIA AGRONOMICA Y AGRICOLA,70,80,no_ingresante,5
2025,INGENIERIA AGRONOMICA Y AGRICOLA,80,90,ingresante,3
2025,INGENIERIA AGRONOMICA Y AGRICOLA,80,90,no_ingresante,4
2025,INGENIERIA AGRONOMICA Y AGRICOLA,90,100,ingresante,8
2025,INGENIERIA AGRONOMICA Y AGRICOLA,90,100,no_ingresante,8
2025,INGENIERIA AGRONOMICA Y AGRICOLA,100,110,ingresante,14
2025,INGENIERIA AGRONOMICA Y AGRICOLA,100,110,no_ingresante,1
2025,INGENIERIA AGRONOMICA Y AGRICOLA,110,120,ingresante,13
2025,INGENIERIA AGRONOMICA Y AGRICOLA,110,120,no_ingresante,2
2025,INGENIERIA AGRONOMICA Y AGRICOLA,120,130,ingresante,20
2025,INGENIERIA AGRONOMICA Y AGRICOLA,120,130,no_ingresante,3
2025,INGENIERIA AGRONOMICA Y AGRICOLA,130,140,ingresante,18
2025,INGENIERIA AGRONOMICA Y AGRICOLA,130,140,no_ingresante,2
2025,INGENIERIA AGRONOMICA Y AGRICOLA,140,150,ingresante,3
2025,INGENIERIA AGRONOMICA Y AGRICOLA,140,150,no_ingresante,1
2025,INGENIERIA AGRONOMICA Y AGRICOLA,150,160,ingresante,7
2025,INGENIERIA AGRONOMICA Y AGRICOLA,150,160,no_ingresante,4
2025,INGENIERIA AGRONOMICA Y AGRICOLA,160,170,ingresante,17
2025,INGENIERIA AGRONOMICA Y AGRICOLA,160,170,no_ingresante,2
2025,INGENIERIA AGRONOMICA Y AGRICOLA,170,180,ingresante,10
2025,INGENIERIA AGRONOMICA Y AGRICOLA,170,180,no_ingresante,2
2025,INGENIERIA AGRONOMICA Y AGRICOLA,180,190,ingresante,3
2025,INGENIERIA AGRONOMICA Y AGRICOLA,190,200,ingresante,11
2025,INGENIERIA AGRONOMICA Y AGRICOLA,200,210,ingresante,4
2025,INGENIERIA AGRONOMICA Y AGRICOLA,210,220,ingresante,8
2025,INGENIERIA AGRONOMICA Y AGRICOLA,220,230,ingresante,11
2025,INGENIERIA AGRONOMICA Y AGRICOLA,230,240,ingresante,4
2025,INGENIERIA AGRONOMICA Y AGRICOLA,240,250,ingresante,9
2025,INGENIERIA AGRONOMICA Y AGRICOLA,250,260,ingresante,9
2025,INGENIERIA AGRONOMICA Y AGRICOLA,260,270,ingresante,3
2025,INGENIERIA AGRONOMICA Y AGRICOLA,270,280,ingresante,10
2025,INGENIERIA AGRONOMICA Y AGRICOLA,280,290,ingresante,1
2025,INGENIERIA AMBIENTAL,50,60,no_ingresante,2
2025,INGENIERIA AMBIENTAL,60,70,no_ingresante,1
2025,INGENIERIA AMBIENTAL,90,100,ingresante,1
2025,INGENIERIA AMBIENTAL,100,110,ingresante,3
2025,INGENIERIA AMBIENTAL,100,110,no_ingresante,1
2025,INGENIERIA AMBIENTAL,110,120,ingresante,6
2025,INGENIERIA AMBIENTAL,110,120,no_ingresante,1
2025,INGENIERIA AMBIENTAL,120,130,ingresante,11
2025,INGENIERIA AMBIENTAL,130,140,ingresante,18
2025,INGENIERIA AMBIENTAL,140,150,ingresante,18
2025,INGENIERIA AMBIENTAL,140,150,no_ingresante,1
2025,INGENIERIA AMBIENTAL,150,160,ingresante,16
2025,INGENIERIA AMBIENTAL,150,160,no_ingresante,1
2025,INGENIERIA AMBIENTAL,160,170,ingresante,2
2025,INGENIERIA AMBIENTAL,170,180,ingresante,2
2025,INGENIERIA AMBIENTAL,190,200,ingresante,1
2025,INGENIERIA AMBIENTAL,220,230,ingresante,1
2025,INGENIERIA AMBIENTAL,230,240,ingresante,1
2025,INGENIERIA AMBIENTAL,250,260,ingresante,4
2025,INGENIERIA AMBIENTAL,260,270,ingresante,2
2025,INGENIERIA BIOTECNOLOGICA,70,80,ingresante,1
2025,INGENIERIA BIOTECNOLOGICA,80,90,no_ingresante,1
2025,INGENIERIA BIOTECNOLOGICA,90,100,no_ingresante,1
2025,INGENIERIA BIOTECNOLOGICA,100,110,ingresante,1
2025,INGENIERIA BIOTECNOLOGICA,110,120,ingresante,2
2025,INGENIERIA BIOTECNOLOGICA,120,130,ingresante,6
2025,INGENIERIA BIOTECNOLOGICA,130,140,ingresante,9
2025,INGENIERIA BIOTECNOLOGICA,140,150,ingresante,14
2025,INGENIERIA BIOTECNOLOGICA,150,160,ingresante,14
2025,INGENIERIA BIOTECNOLOGICA,160,170,ingresante,10
2025,INGENIERIA BIOTECNOLOGICA,170,180,ingresante,15
2025,INGENIERIA BIOTECNOLOGICA,170,180,no_ingresante,2
2025,INGENIERIA BIOTECNOLOGICA,180,190,ingresante,12
2025,INGENIERIA BIOTECNOLOGICA,190,200,ingresante,5
2025,INGENIERIA BIOTECNOLOGICA,210,220,ingresante,1
2025,INGENIERIA BIOTECNOLOGICA,220,230,no_ingresante,1
2025,INGENIERIA BIOTECNOLOGICA,230,240,ingresante,1
2025,INGENIERIA BIOTECNOLOGICA,240,250,ingresante,2
2025,INGENIERIA BIOTECNOLOGICA,250,260,ingresante,3
2025,INGENIERIA BIOTECNOLOGICA,260,270,ingresante,2
2025,INGENIERIA BIOTECNOLOGICA,270,280,ingresante,4
2025,INGENIERIA BIOTECNOLOGICA,280,290,ingresante,2
2025,INGENIERIA CIVIL,40,50,no_ingresante,2
2025,INGENIERIA CIVIL,50,60,no_ingresante,2
2025,INGENIERIA CIVIL,60,70,no_ingresante,1
2025,INGENIERIA CIVIL,70,80,no_ingresante,3
2025,INGENIERIA CIVIL,80,90,no_ingresante,3
2025,INGENIERIA CIVIL,90,100,ingresante,3
2025,INGENIERIA CIVIL,90,100,no_ingresante,2
2025,INGENIERIA CIVIL,100,110,ingresante,4
2025,INGENIERIA CIVIL,100,110,no_ingresante,5
2025,INGENIERIA CIVIL,110,120,ingresante,13
2025,INGENIERIA CIVIL,110,120,no_ingresante,5
2025,INGENIERIA CIVIL,120,130,ingresante,12
2025,INGENIERIA CIVIL,120,130,no_ingresante,4
2025,INGENIERIA CIVIL,130,140,ingresante,28
2025,INGENIERIA CIVIL,130,140,no_ingresante,5
2025,INGENIERIA CIVIL,140,150,ingresante,49
2025,INGENIERIA CIVIL,150,160,ingresante,30
2025,INGENIERIA CIVIL,150,160,no_ingresante,2
2025,INGENIERIA CIVIL,160,170,ingresante,27
2025,INGENIERIA CIVIL,170,180,ingresante,12
2025,INGENIERIA CIVIL,180,190,ingresante,3
2025,INGENIERIA CIVIL,190,200,ingresante,1
2025,INGENIERIA CIVIL,200,210,ingresante,6
2025,INGENIERIA CIVIL,210,220,ingresante,1
2025,INGENIERIA CIVIL,220,230,ingresante,1
2025,INGENIERIA CIVIL,230,240,ingresante,1
2025,INGENIERIA CIVIL,240,250,ingresante,5
2025,INGENIERIA CIVIL,250,260,ingresante,5
2025,INGENIERIA CIVIL,260,270,ingresante,6
2025,INGENIERIA COMERCIAL,30,40,no_ingresante,1
2025,INGENIERIA COMERCIAL,50,60,no_ingresante,1
2025,INGENIERIA COMERCIAL,80,90,ingresante,1
2025,INGENIERIA COMERCIAL,80,90,no_ingresante,1
2025,INGENIERIA COMERCIAL,100,110,ingresante,2
2025,INGENIERIA COMERCIAL,100,110,no_ingresante,2
2025,INGENIERIA COMERCIAL,110,120,ingresante,6
2025,INGENIERIA COMERCIAL,110,120,no_ingresante,2
2025,INGENIERIA COMERCIAL,120,130,ingresante,9
2025,INGENIERIA COMERCIAL,120,130,no_ingresante,1
2025,INGENIERIA COMERCIAL,130,140,ingresante,25
2025,INGENIERIA COMERCIAL,130,140,no_ingresante,7
2025,INGENIERIA COMERCIAL,140,150,ingresante,20
2025,INGENIERIA COMERCIAL,140,150,no_ingresante,1
2025,INGENIERIA COMERCIAL,150,160,ingresante,31
2025,INGENIERIA COMERCIAL,160,170,ingresante,21
2025,INGENIERIA COMERCIAL,170,180,ingresante,17
2025,INGENIERIA COMERCIAL,180,190,ingresante,6
2025,INGENIERIA COMERCIAL,190,200,ingresante,4
2025,INGENIERIA COMERCIAL,200,210,ingresante,1
2025,INGENIERIA COMERCIAL,210,220,ingresante,1
2025,INGENIERIA COMERCIAL,220,230,ingresante,4
2025,INGENIERIA COMERCIAL,230,240,ingresante,3
2025,INGENIERIA COMERCIAL,240,250,ingresante,2
2025,INGENIERIA COMERCIAL,250,260,ingresante,2
2025,INGENIERIA COMERCIAL,260,270,ingresante,3
2025,INGENIERIA DE INDUSTRIA ALIMENTARIA,0,10,no_ingresante,1
2025,INGENIERIA DE INDUSTRIA ALIMENTARIA,60,70,ingresante,1
2025,INGENIERIA DE INDUSTRIA ALIMENTARIA,90,100,ingresante,3
2025,INGENIERIA DE INDUSTRIA ALIMENTARIA,100,110,no_ingresante,1
2025,INGENIERIA DE INDUSTRIA ALIMENTARIA,110,120,ingresante,1
2025,INGENIERIA DE INDUSTRIA ALIMENTARIA,120,130,ingresante,3
2025,INGENIERIA DE INDUSTRIA ALIMENTARIA,120,130,no_ingresante,5
2025,INGENIERIA DE INDUSTRIA ALIMENTARIA,130,140,ingresante,1
2025,INGENIERIA DE INDUSTRIA ALIMENTARIA,130,140,no_ingresante,3
2025,INGENIERIA DE INDUSTRIA ALIMENTARIA,140,150,ingresante,1
2025,INGENIERIA DE INDUSTRIA ALIMENTARIA,140,150,no_ingresante,3
2025,INGENIERIA DE INDUSTRIA ALIMENTARIA,150,160,no_ingresante,1
2025,INGENIERIA DE INDUSTRIA ALIMENTARIA,160,170,ingresante,5
2025,INGENIERIA DE INDUSTRIA ALIMENTARIA,160,170,no_ingresante,3
2025,INGENIERIA DE INDUSTRIA ALIMENTARIA,170,180,ingresante,1
2025,INGENIERIA DE INDUSTRIA ALIMENTARIA,180,190,ingresante,3
2025,INGENIERIA DE INDUSTRIA ALIMENTARIA,180,190,no_ingresante,2
2025,INGENIERIA DE INDUSTRIA ALIMENTARIA,190,200,ingresante,4
2025,INGENIERIA DE INDUSTRIA ALIMENTARIA,200,210,ingresante,1
2025,INGENIERIA DE INDUSTRIA ALIMENTARIA,210,220,ingresante,3
2025,INGENIERIA DE INDUSTRIA ALIMENTARIA,220,230,ingresante,7
2025,INGENIERIA DE INDUSTRIA ALIMENTARIA,230,240,ingresante,2
2025,INGENIERIA DE INDUSTRIA ALIMENTARIA,240,250,ingresante,3
2025,INGENIERIA DE INDUSTRIA ALIMENTARIA,250,260,ingresante,3
2025,INGENIERIA DE INDUSTRIA ALIMENTARIA,260,270,ingresante,3
2025,INGENIERIA DE INDUSTRIA ALIMENTARIA,270,280,ingresante,1
2025,INGENIERIA DE MINAS,0,10,no_ingresante,2
2025,INGENIERIA DE MINAS,30,40,no_ingresante,1
2025,INGENIERIA DE MINAS,40,50,no_ingresante,1
2025,INGENIERIA DE MINAS,50,60,no_ingresante,1
2025,INGENIERIA DE MINAS,60,70,no_ingresante,1
2025,INGENIERIA DE MINAS,70,80,no_ingresante,2
2025,INGENIERIA DE MINAS,80,90,no_ingresante,1
2025,INGENIERIA DE MINAS,90,100,ingresante,1
2025,INGENIERIA DE MINAS,90,100,no_ingresante,4
2025,INGENIERIA DE MINAS,100,110,ingresante,6
2025,INGENIERIA DE MINAS,100,110,no_ingresante,6
2025,INGENIERIA DE MINAS,110,120,ingresante,9
2025,INGENIERIA DE MINAS,110,120,no_ingresante,11
2025,INGENIERIA DE MINAS,120,130,ingresante,11
2025,INGENIERIA DE MINAS,120,130,no_ingresante,10
2025,INGENIERIA DE MINAS,130,140,ingresante,11
2025,INGENIERIA DE MINAS,130,140,no_ingresante,11
2025,INGENIERIA DE MINAS,140,150,ingresante,17
2025,INGENIERIA DE MINAS,140,150,no_ingresante,13
2025,INGENIERIA DE MINAS,150,160,ingresante,28
2025,INGENIERIA DE MINAS,160,170,ingresante,10
2025,INGENIERIA DE MINAS,170,180,ingresante,4
2025,INGENIERIA DE MINAS,180,190,ingresante,4
2025,INGENIERIA DE MINAS,230,240,ingresante,3
2025,INGENIERIA DE MINAS,240,250,ingresante,4
2025,INGENIERIA DE MINAS,250,260,ingresante,2
2025,INGENIERIA DE MINAS,260,270,ingresante,4
2025,INGENIERIA DE MINAS,270,280,ingresante,1
2025,INGENIERIA DE SISTEMAS,30,40,no_ingresante,1
2025,INGENIERIA DE SISTEMAS,40,50,no_ingresante,1
2025,INGENIERIA DE SISTEMAS,50,60,no_ingresante,2
2025,INGENIERIA DE SISTEMAS,60,70,no_ingresante,2
2025,INGENIERIA DE SISTEMAS,70,80,no_ingresante,2
2025,INGENIERIA DE SISTEMAS,80,90,no_ingresante,3
2025,INGENIERIA DE SISTEMAS,90,100,ingresante,2
2025,INGENIERIA DE SISTEMAS,90,100,no_ingresante,2
2025,INGENIERIA DE SISTEMAS,100,110,ingresante,6
2025,INGENIERIA DE SISTEMAS,100,110,no_ingresante,3
2025,INGENIERIA DE SISTEMAS,110,120,ingresante,12
2025,INGENIERIA DE SISTEMAS,110,120,no_ingresante,4
2025,INGENIERIA DE SISTEMAS,120,130,ingresante,21
2025,INGENIERIA DE SISTEMAS,120,130,no_ingresante,10
2025,INGENIERIA DE SISTEMAS,130,140,ingresante,44
2025,INGENIERIA DE SISTEMAS,130,140,no_ingresante,5
2025,INGENIERIA DE SISTEMAS,140,150,ingresante,40
2025,INGENIERIA DE SISTEMAS,150,160,ingresante,25
2025,INGENIERIA DE SISTEMAS,160,170,ingresante,25
2025,INGENIERIA DE SISTEMAS,170,180,ingresante,6
2025,INGENIERIA DE SISTEMAS,180,190,ingresante,6
2025,INGENIERIA DE SISTEMAS,190,200,ingresante,2
2025,INGENIERIA DE SISTEMAS,200,210,ingresante,1
2025,INGENIERIA DE SISTEMAS,210,220,ingresante,1
2025,INGENIERIA DE SISTEMAS,220,230,ingresante,1
2025,INGENIERIA DE SISTEMAS,230,240,ingresante,1
2025,INGENIERIA DE SISTEMAS,240,250,ingresante,5
2025,INGENIERIA DE SISTEMAS,250,260,ingresante,5
2025,INGENIERIA DE SISTEMAS,260,270,ingresante,5
2025,INGENIERIA INDUSTRIAL,0,10,no_ingresante,2
2025,INGENIERIA INDUSTRIAL,30,40,no_ingresante,1
2025,INGENIERIA INDUSTRIAL,40,50,no_ingresante,1
2025,INGENIERIA INDUSTRIAL,50,60,no_ingresante,5
2025,INGENIERIA INDUSTRIAL,60,70,no_ingresante,1
2025,INGENIERIA INDUSTRIAL,70,80,no_ingresante,4
2025,INGENIERIA INDUSTRIAL,80,90,no_ingresante,3
2025,INGENIERIA INDUSTRIAL,90,100,no_ingresante,2
2025,INGENIERIA INDUSTRIAL,100,110,ingresante,5
2025,INGENIERIA INDUSTRIAL,100,110,no_ingresante,5
2025,INGENIERIA INDUSTRIAL,110,120,ingresante,17
2025,INGENIERIA INDUSTRIAL,110,120,no_ingresante,12
2025,INGENIERIA INDUSTRIAL,120,130,ingresante,30
2025,INGENIERIA INDUSTRIAL,120,130,no_ingresante,19
2025,INGENIERIA INDUSTRIAL,130,140,ingresante,40
2025,INGENIERIA INDUSTRIAL,130,140,no_ingresante,22
2025,INGENIERIA INDUSTRIAL,140,150,ingresante,40
2025,INGENIERIA INDUSTRIAL,140,150,no_ingresante,1
2025,INGENIERIA INDUSTRIAL,150,160,ingresante,37
2025,INGENIERIA INDUSTRIAL,160,170,ingresante,42
2025,INGENIERIA INDUSTRIAL,170,180,ingresante,15
2025,INGENIERIA INDUSTRIAL,180,190,ingresante,4
2025,INGENIERIA INDUSTRIAL,180,190,no_ingresante,1
2025,INGENIERIA INDUSTRIAL,190,200,ingresante,1
2025,INGENIERIA INDUSTRIAL,190,200,no_ingresante,2
2025,INGENIERIA INDUSTRIAL,200,210,no_ingresante,1
2025,INGENIERIA INDUSTRIAL,210,220,no_ingresante,1
2025,INGENIERIA INDUSTRIAL,220,230,ingresante,3
2025,INGENIERIA INDUSTRIAL,220,230,no_ingresante,5
2025,INGENIERIA INDUSTRIAL,230,240,no_ingresante,7
2025,INGENIERIA INDUSTRIAL,240,250,ingresante,3
2025,INGENIERIA INDUSTRIAL,240,250,no_ingresante,4
2025,INGENIERIA INDUSTRIAL,250,260,ingresante,12
2025,INGENIERIA INDUSTRIAL,250,260,no_ingresante,1
2025,INGENIERIA INDUSTRIAL,260,270,ingresante,7
2025,INGENIERIA INDUSTRIAL,270,280,ingresante,3
2025,INGENIERIA INDUSTRIAL,280,290,ingresante,3
2025,INGENIERIA MECANICA,0,10,no_ingresante,2
2025,INGENIERIA MECANICA,40,50,no_ingresante,2
2025,INGENIERIA MECANICA,50,60,no_ingresante,1
2025,INGENIERIA MECANICA,90,100,ingresante,1
2025,INGENIERIA MECANICA,90,100,no_ingresante,3
2025,INGENIERIA MECANICA,100,110,ingresante,1
2025,INGENIERIA MECANICA,110,120,ingresante,5
2025,INGENIERIA MECANICA,120,130,ingresante,12
2025,INGENIERIA MECANICA,130,140,ingresante,21
2025,INGENIERIA MECANICA,140,150,ingresante,21
2025,INGENIERIA MECANICA,150,160,ingresante,10
2025,INGENIERIA MECANICA,160,170,ingresante,6
2025,INGENIERIA MECANICA,170,180,ingresante,2
2025,INGENIERIA MECANICA,180,190,ingresante,2
2025,INGENIERIA MECANICA,200,210,ingresante,2
2025,INGENIERIA MECANICA,240,250,ingresante,1
2025,INGENIERIA MECANICA ELECTRICA,0,10,no_ingresante,1
2025,INGENIERIA MECANICA ELECTRICA,50,60,no_ingresante,1
2025,INGENIERIA MECANICA ELECTRICA,70,80,no_ingresante,1
2025,INGENIERIA MECANICA ELECTRICA,110,120,ingresante,3
2025,INGENIERIA MECANICA ELECTRICA,120,130,ingresante,3
2025,INGENIERIA MECANICA ELECTRICA,130,140,ingresante,10
2025,INGENIERIA MECANICA ELECTRICA,140,150,ingresante,17
2025,INGENIERIA MECANICA ELECTRICA,150,160,ingresante,10
2025,INGENIERIA MECANICA ELECTRICA,160,170,ingresante,2
2025,INGENIERIA MECANICA ELECTRICA,170,180,ingresante,3
2025,INGENIERIA MECANICA ELECTRICA,180,190,ingresante,1
2025,INGENIERIA MECANICA ELECTRICA,220,230,ingresante,1
2025,INGENIERIA MECANICA ELECTRICA,240,250,ingresante,1
2025,INGENIERIA MECANICA ELECTRICA,260,270,ingresante,1
2025,INGENIERIA MECATRONICA,30,40,no_ingresante,1
2025,INGENIERIA MECATRONICA,50,60,no_ingresante,1
2025,INGENIERIA MECATRONICA,80,90,no_ingresante,1
2025,INGENIERIA MECATRONICA,90,100,no_ingresante,1
2025,INGENIERIA MECATRONICA,100,110,no_ingresante,4
2025,INGENIERIA MECATRONICA,110,120,ingresante,4
2025,INGENIERIA MECATRONICA,110,120,no_ingresante,3
2025,INGENIERIA MECATRONICA,120,130,ingresante,8
2025,INGENIERIA MECATRONICA,120,130,no_ingresante,5
2025,INGENIERIA MECATRONICA,130,140,ingresante,11
2025,INGENIERIA MECATRONICA,130,140,no_ingresante,16
2025,INGENIERIA MECATRONICA,140,150,ingresante,22
2025,INGENIERIA MECATRONICA,140,150,no_ingresante,14
2025,INGENIERIA MECATRONICA,150,160,ingresante,23
2025,INGENIERIA MECATRONICA,150,160,no_ingresante,3
2025,INGENIERIA MECATRONICA,160,170,ingresante,11
2025,INGENIERIA MECATRONICA,170,180,ingresante,6
2025,INGENIERIA MECATRONICA,180,190,ingresante,4
2025,INGENIERIA MECATRONICA,190,200,ingresante,2
2025,INGENIERIA MECATRONICA,200,210,ingresante,1
2025,INGENIERIA MECATRONICA,210,220,no_ingresante,2
2025,INGENIERIA MECATRONICA,220,230,ingresante,2
2025,INGENIERIA MECATRONICA,230,240,ingresante,1
2025,INGENIERIA MECATRONICA,230,240,no_ingresante,1
2025,INGENIERIA MECATRONICA,240,250,ingresante,2
2025,INGENIERIA MECATRONICA,240,250,no_ingresante,1
2025,INGENIERIA MECATRONICA,250,260,ingresante,3
2025,INGENIERIA MECATRONICA,260,270,ingresante,3
2025,INGENIERIA MECATRONICA,270,280,ingresante,1
2025,INGENIERIA MECATRONICA,280,290,ingresante,1
2025,MARKETING DIGITAL,10,20,ingresante,1
2025,MARKETING DIGITAL,60,70,no_ingresante,1
2025,MARKETING DIGITAL,70,80,no_ingresante,1
2025,MARKETING DIGITAL,100,110,no_ingresante,1
2025,MARKETING DIGITAL,110,120,no_ingresante,1
2025,MARKETING DIGITAL,120,130,ingresante,1
2025,MARKETING DIGITAL,120,130,no_ingresante,2
2025,MARKETING DIGITAL,130,140,ingresante,1
2025,MARKETING DIGITAL,130,140,no_ingresante,2
2025,MARKETING DIGITAL,140,150,no_ingresante,1
2025,MARKETING DIGITAL,160,170,ingresante,1
2025,MARKETING DIGITAL,160,170,no_ingresante,1
2025,MARKETING DIGITAL,170,180,ingresante,1
2025,MARKETING DIGITAL,180,190,ingresante,4
2025,MARKETING DIGITAL,190,200,ingresante,2
2025,MARKETING DIGITAL,200,210,ingresante,1
2025,MARKETING DIGITAL,220,230,ingresante,6
2025,MARKETING DIGITAL,230,240,ingresante,4
2025,MARKETING DIGITAL,240,250,ingresante,6
2025,MARKETING DIGITAL,250,260,ingresante,1
2025,MARKETING DIGITAL,260,270,ingresante,1
2025,MARKETING DIGITAL,270,280,ingresante,3
2025,MARKETING DIGITAL,280,290,ingresante,1
2025,MARKETING Y GESTION COMERCIAL,90,100,ingresante,1
2025,MARKETING Y GESTION COMERCIAL,90,100,no_ingresante,1
2025,MARKETING Y GESTION COMERCIAL,100,110,ingresante,1
2025,MARKETING Y GESTION COMERCIAL,110,120,ingresante,2
2025,MARKETING Y GESTION COMERCIAL,110,120,no_ingresante,1
2025,MARKETING Y GESTION COMERCIAL,130,140,ingresante,1
2025,MARKETING Y GESTION COMERCIAL,130,140,no_ingresante,1
2025,MARKETING Y GESTION COMERCIAL,150,160,ingresante,1
2025,MARKETING Y GESTION COMERCIAL,160,170,ingresante,1
2025,MARKETING Y GESTION COMERCIAL,160,170,no_ingresante,1
2025,MARKETING Y GESTION COMERCIAL,180,190,ingresante,2
2025,MARKETING Y GESTION COMERCIAL,190,200,ingresante,6
2025,MARKETING Y GESTION COMERCIAL,200,210,ingresante,6
2025,MARKETING Y GESTION COMERCIAL,210,220,ingresante,5
2025,MARKETING Y GESTION COMERCIAL,220,230,ingresante,4
2025,MARKETING Y GESTION COMERCIAL,230,240,ingresante,2
2025,MARKETING Y GESTION COMERCIAL,240,250,ingresante,7
2025,MARKETING Y GESTION COMERCIAL,250,260,ingresante,2
2025,MARKETING Y GESTION COMERCIAL,260,270,ingresante,1
2025,MARKETING Y GESTION COMERCIAL,270,280,ingresante,4
2025,MARKETING Y GESTION COMERCIAL,280,290,ingresante,1
2025,MEDICINA HUMANA,0,10,no_ingresante,2
2025,MEDICINA HUMANA,10,20,no_ingresante,1
2025,MEDICINA HUMANA,20,30,no_ingresante,4
2025,MEDICINA HUMANA,30,40,no_ingresante,2
2025,MEDICINA HUMANA,40,50,no_ingresante,6
2025,MEDICINA HUMANA,50,60,no_ingresante,26
2025,MEDICINA HUMANA,60,70,no_ingresante,12
2025,MEDICINA HUMANA,70,80,no_ingresante,37
2025,MEDICINA HUMANA,80,90,no_ingresante,70
2025,MEDICINA HUMANA,90,100,no_ingresante,76
2025,MEDICINA HUMANA,100,110,no_ingresante,97
2025,MEDICINA HUMANA,110,120,no_ingresante,154
2025,MEDICINA HUMANA,120,130,no_ingresante,221
2025,MEDICINA HUMANA,130,140,no_ingresante,301
2025,MEDICINA HUMANA,140,150,ingresante,5
2025,MEDICINA HUMANA,140,150,no_ingresante,309
2025,MEDICINA HUMANA,150,160,ingresante,9
2025,MEDICINA HUMANA,150,160,no_ingresante,311
2025,MEDICINA HUMANA,160,170,ingresante,14
2025,MEDICINA HUMANA,160,170,no_ingresante,282
2025,MEDICINA HUMANA,170,180,ingresante,5
2025,MEDICINA HUMANA,170,180,no_ingresante,260
2025,MEDICINA HUMANA,180,190,ingresante,30
2025,MEDICINA HUMANA,180,190,no_ingresante,169
2025,MEDICINA HUMANA,190,200,ingresante,44
2025,MEDICINA HUMANA,190,200,no_ingresante,74
2025,MEDICINA HUMANA,200,210,ingresante,37
2025,MEDICINA HUMANA,200,210,no_ingresante,14
2025,MEDICINA HUMANA,210,220,ingresante,32
2025,MEDICINA HUMANA,220,230,ingresante,9
2025,MEDICINA HUMANA,230,240,ingresante,2
2025,MEDICINA HUMANA,240,250,ingresante,1
2025,MEDICINA VETERINARIA Y ZOOTECNIA,0,10,no_ingresante,1
2025,MEDICINA VETERINARIA Y ZOOTECNIA,40,50,no_ingresante,2
2025,MEDICINA VETERINARIA Y ZOOTECNIA,50,60,no_ingresante,6
2025,MEDICINA VETERINARIA Y ZOOTECNIA,70,80,no_ingresante,4
2025,MEDICINA VETERINARIA Y ZOOTECNIA,80,90,no_ingresante,2
2025,MEDICINA VETERINARIA Y ZOOTECNIA,90,100,no_ingresante,7
2025,MEDICINA VETERINARIA Y ZOOTECNIA,100,110,ingresante,4
2025,MEDICINA VETERINARIA Y ZOOTECNIA,100,110,no_ingresante,15
2025,MEDICINA VETERINARIA Y ZOOTECNIA,110,120,ingresante,13
2025,MEDICINA VETERINARIA Y ZOOTECNIA,110,120,no_ingresante,9
2025,MEDICINA VETERINARIA Y ZOOTECNIA,120,130,ingresante,21
2025,MEDICINA VETERINARIA Y ZOOTECNIA,120,130,no_ingresante,27
2025,MEDICINA VETERINARIA Y ZOOTECNIA,130,140,ingresante,43
2025,MEDICINA VETERINARIA Y ZOOTECNIA,130,140,no_ingresante,7
2025,MEDICINA VETERINARIA Y ZOOTECNIA,140,150,ingresante,36
2025,MEDICINA VETERINARIA Y ZOOTECNIA,150,160,ingresante,23
2025,MEDICINA VETERINARIA Y ZOOTECNIA,160,170,ingresante,14
2025,MEDICINA VETERINARIA Y ZOOTECNIA,170,180,ingresante,6
2025,MEDICINA VETERINARIA Y ZOOTECNIA,180,190,ingresante,1
2025,MEDICINA VETERINARIA Y ZOOTECNIA,190,200,ingresante,1
2025,MEDICINA VETERINARIA Y ZOOTECNIA,200,210,ingresante,1
2025,MEDICINA VETERINARIA Y ZOOTECNIA,220,230,ingresante,4
2025,MEDICINA VETERINARIA Y ZOOTECNIA,230,240,ingresante,3
2025,MEDICINA VETERINARIA Y ZOOTECNIA,240,250,ingresante,3
2025,OBSTETRICIA Y PUERICULTURA,40,50,no_ingresante,3
2025,OBSTETRICIA Y PUERICULTURA,50,60,no_ingresante,1
2025,OBSTETRICIA Y PUERICULTURA,60,70,no_ingresante,4
2025,OBSTETRICIA Y PUERICULTURA,70,80,no_ingresante,1
2025,OBSTETRICIA Y PUERICULTURA,80,90,no_ingresante,3
2025,OBSTETRICIA Y PUERICULTURA,90,100,ingresante,1
2025,OBSTETRICIA Y PUERICULTURA,90,100,no_ingresante,6
2025,OBSTETRICIA Y PUERICULTURA,100,110,ingresante,3
2025,OBSTETRICIA Y PUERICULTURA,100,110,no_ingresante,6
2025,OBSTETRICIA Y PUERICULTURA,110,120,ingresante,17
2025,OBSTETRICIA Y PUERICULTURA,110,120,no_ingresante,8
2025,OBSTETRICIA Y PUERICULTURA,120,130,ingresante,19
2025,OBSTETRICIA Y PUERICULTURA,120,130,no_ingresante,8
2025,OBSTETRICIA Y PUERICULTURA,130,140,ingresante,19
2025,OBSTETRICIA Y PUERICULTURA,130,140,no_ingresante,8
2025,OBSTETRICIA Y PUERICULTURA,140,150,ingresante,29
2025,OBSTETRICIA Y PUERICULTURA,150,160,ingresante,20
2025,OBSTETRICIA Y PUERICULTURA,160,170,ingresante,16
2025,OBSTETRICIA Y PUERICULTURA,170,180,ingresante,7
2025,OBSTETRICIA Y PUERICULTURA,180,190,ingresante,3
2025,OBSTETRICIA Y PUERICULTURA,190,200,ingresante,3
2025,OBSTETRICIA Y PUERICULTURA,210,220,ingresante,1
2025,OBSTETRICIA Y PUERICULTURA,240,250,ingresante,1
2025,OBSTETRICIA Y PUERICULTURA,250,260,ingresante,1
2025,OBSTETRICIA Y PUERICULTURA,260,270,ingresante,1
2025,ODONTOLOGIA,40,50,no_ingresante,2
2025,ODONTOLOGIA,50,60,no_ingresante,2
2025,ODONTOLOGIA,60,70,no_ingresante,2
2025,ODONTOLOGIA,70,80,no_ingresante,4
2025,ODONTOLOGIA,80,90,no_ingresante,2
2025,ODONTOLOGIA,90,100,no_ingresante,14
2025,ODONTOLOGIA,100,110,no_ingresante,21
2025,ODONTOLOGIA,110,120,ingresante,7
2025,ODONTOLOGIA,110,120,no_ingresante,27
2025,ODONTOLOGIA,120,130,ingresante,15
2025,ODONTOLOGIA,120,130,no_ingresante,29
2025,ODONTOLOGIA,130,140,ingresante,9
2025,ODONTOLOGIA,130,140,no_ingresante,44
2025,ODONTOLOGIA,140,150,ingresante,23
2025,ODONTOLOGIA,140,150,no_ingresante,36
2025,ODONTOLOGIA,150,160,ingresante,47
2025,ODONTOLOGIA,150,160,no_ingresante,4
2025,ODONTOLOGIA,160,170,ingresante,28
2025,ODONTOLOGIA,170,180,ingresante,14
2025,ODONTOLOGIA,180,190,ingresante,7
2025,ODONTOLOGIA,190,200,ingresante,2
2025,ODONTOLOGIA,220,230,ingresante,1
2025,ODONTOLOGIA,220,230,no_ingresante,2
2025,ODONTOLOGIA,230,240,ingresante,3
2025,ODONTOLOGIA,230,240,no_ingresante,2
2025,ODONTOLOGIA,240,250,ingresante,1
2025,ODONTOLOGIA,240,250,no_ingresante,5
2025,ODONTOLOGIA,250,260,ingresante,8
2025,ODONTOLOGIA,250,260,no_ingresante,1
2025,ODONTOLOGIA,260,270,ingresante,1
2025,ODONTOLOGIA,270,280,ingresante,2
2025,ODONTOLOGIA,280,290,ingresante,1
2025,PSICOLOGIA,50,60,no_ingresante,4
2025,PSICOLOGIA,60,70,no_ingresante,3
2025,PSICOLOGIA,70,80,no_ingresante,7
2025,PSICOLOGIA,80,90,no_ingresante,6
2025,PSICOLOGIA,90,100,ingresante,2
2025,PSICOLOGIA,90,100,no_ingresante,10
2025,PSICOLOGIA,100,110,ingresante,3
2025,PSICOLOGIA,100,110,no_ingresante,12
2025,PSICOLOGIA,110,120,ingresante,5
2025,PSICOLOGIA,110,120,no_ingresante,9
2025,PSICOLOGIA,120,130,ingresante,17
2025,PSICOLOGIA,120,130,no_ingresante,11
2025,PSICOLOGIA,130,140,ingresante,22
2025,PSICOLOGIA,130,140,no_ingresante,17
2025,PSICOLOGIA,140,150,ingresante,16
2025,PSICOLOGIA,140,150,no_ingresante,28
2025,PSICOLOGIA,150,160,ingresante,26
2025,PSICOLOGIA,150,160,no_ingresante,20
2025,PSICOLOGIA,160,170,ingresante,44
2025,PSICOLOGIA,160,170,no_ingresante,7
2025,PSICOLOGIA,170,180,ingresante,29
2025,PSICOLOGIA,170,180,no_ingresante,2
2025,PSICOLOGIA,180,190,ingresante,23
2025,PSICOLOGIA,190,200,ingresante,4
2025,PSICOLOGIA,200,210,ingresante,2
2025,PSICOLOGIA,210,220,ingresante,2
2025,PSICOLOGIA,220,230,ingresante,3
2025,PSICOLOGIA,230,240,ingresante,2
2025,PSICOLOGIA,240,250,ingresante,2
2025,PSICOLOGIA,250,260,ingresante,7
2025,PUBLICIDAD Y MULTIMEDIA,0,10,no_ingresante,1
2025,PUBLICIDAD Y MULTIMEDIA,40,50,no_ingresante,3
2025,PUBLICIDAD Y MULTIMEDIA,50,60,no_ingresante,1
2025,PUBLICIDAD Y MULTIMEDIA,60,70,no_ingresante,3
2025,PUBLICIDAD Y MULTIMEDIA,70,80,no_ingresante,3
2025,PUBLICIDAD Y MULTIMEDIA,80,90,no_ingresante,3
2025,PUBLICIDAD Y MULTIMEDIA,90,100,no_ingresante,5
2025,PUBLICIDAD Y MULTIMEDIA,100,110,ingresante,4
2025,PUBLICIDAD Y MULTIMEDIA,100,110,no_ingresante,1
2025,PUBLICIDAD Y MULTIMEDIA,110,120,ingresante,8
2025,PUBLICIDAD Y MULTIMEDIA,120,130,ingresante,15
2025,PUBLICIDAD Y MULTIMEDIA,130,140,ingresante,19
2025,PUBLICIDAD Y MULTIMEDIA,140,150,ingresante,23
2025,PUBLICIDAD Y MULTIMEDIA,150,160,ingresante,34
2025,PUBLICIDAD Y MULTIMEDIA,160,170,ingresante,28
2025,PUBLICIDAD Y MULTIMEDIA,170,180,ingresante,11
2025,PUBLICIDAD Y MULTIMEDIA,180,190,ingresante,4
2025,PUBLICIDAD Y MULTIMEDIA,190,200,ingresante,1
2025,PUBLICIDAD Y MULTIMEDIA,200,210,ingresante,2
2025,PUBLICIDAD Y MULTIMEDIA,210,220,ingresante,1
2025,PUBLICIDAD Y MULTIMEDIA,220,230,ingresante,1
2025,PUBLICIDAD Y MULTIMEDIA,230,240,ingresante,3
2025,PUBLICIDAD Y MULTIMEDIA,240,250,ingresante,1
2025,PUBLICIDAD Y MULTIMEDIA,250,260,ingresante,2
2025,PUBLICIDAD Y MULTIMEDIA,260,270,ingresante,1
2025,TECNOLOGIA MEDICA EN TERAPIA FISICA Y REHABILITACION,0,10,no_ingresante,1
2025,TECNOLOGIA MEDICA EN TERAPIA FISICA Y REHABILITACION,50,60,no_ingresante,2
2025,TECNOLOGIA MEDICA EN TERAPIA FISICA Y REHABILITACION,70,80,no_ingresante,3
2025,TECNOLOGIA MEDICA EN TERAPIA FISICA Y REHABILITACION,90,100,no_ingresante,2
2025,TECNOLOGIA MEDICA EN TERAPIA FISICA Y REHABILITACION,100,110,no_ingresante,9
2025,TECNOLOGIA MEDICA EN TERAPIA FISICA Y REHABILITACION,110,120,ingresante,1
2025,TECNOLOGIA MEDICA EN TERAPIA FISICA Y REHABILITACION,110,120,no_ingresante,10
2025,TECNOLOGIA MEDICA EN TERAPIA FISICA Y REHABILITACION,120,130,ingresante,7
2025,TECNOLOGIA MEDICA EN TERAPIA FISICA Y REHABILITACION,120,130,no_ingresante,16
2025,TECNOLOGIA MEDICA EN TERAPIA FISICA Y REHABILITACION,130,140,ingresante,9
2025,TECNOLOGIA MEDICA EN TERAPIA FISICA Y REHABILITACION,130,140,no_ingresante,21
2025,TECNOLOGIA MEDICA EN TERAPIA FISICA Y REHABILITACION,140,150,ingresante,9
2025,TECNOLOGIA MEDICA EN TERAPIA FISICA Y REHABILITACION,140,150,no_ingresante,23
2025,TECNOLOGIA MEDICA EN TERAPIA FISICA Y REHABILITACION,150,160,ingresante,13
2025,TECNOLOGIA MEDICA EN TERAPIA FISICA Y REHABILITACION,150,160,no_ingresante,3
2025,TECNOLOGIA MEDICA EN TERAPIA FISICA Y REHABILITACION,160,170,ingresante,9
2025,TECNOLOGIA MEDICA EN TERAPIA FISICA Y REHABILITACION,160,170,no_ingresante,4
2025,TECNOLOGIA MEDICA EN TERAPIA FISICA Y REHABILITACION,170,180,ingresante,8
2025,TECNOLOGIA MEDICA EN TERAPIA FISICA Y REHABILITACION,180,190,ingresante,1
2025,TECNOLOGIA MEDICA EN TERAPIA FISICA Y REHABILITACION,190,200,ingresante,2
2025,TECNOLOGIA MEDICA EN TERAPIA FISICA Y REHABILITACION,200,210,ingresante,1
2025,TECNOLOGIA MEDICA EN TERAPIA FISICA Y REHABILITACION,220,230,ingresante,1
2025,TECNOLOGIA MEDICA EN TERAPIA FISICA Y REHABILITACION,240,250,no_ingresante,3
2025,TECNOLOGIA MEDICA EN TERAPIA FISICA Y REHABILITACION,250,260,ingresante,2
2025,TECNOLOGIA MEDICA EN TERAPIA FISICA Y REHABILITACION,250,260,no_ingresante,4
2025,TECNOLOGIA MEDICA EN TERAPIA FISICA Y REHABILITACION,260,270,ingresante,3
2025,TEOLOGIA,70,80,ingresante,1
2025,TEOLOGIA,80,90,ingresante,1
2025,TEOLOGIA,100,110,ingresante,2
2025,TEOLOGIA,110,120,ingresante,1
2025,TEOLOGIA,120,130,ingresante,4
2025,TEOLOGIA,130,140,ingresante,2
2025,TEOLOGIA,140,150,ingresante,1
2025,TEOLOGIA,150,160,ingresante,2
2025,TEOLOGIA,160,170,ingresante,1
2025,TEOLOGIA,170,180,ingresante,1
2025,TEOLOGIA,180,190,ingresante,1
2025,TEOLOGIA,190,200,ingresante,6
2025,TEOLOGIA,210,220,ingresante,2
2025,TEOLOGIA,220,230,ingresante,1
2025,TEOLOGIA,230,240,ingresante,1
2025,TRABAJO SOCIAL,0,10,no_ingresante,1
2025,TRABAJO SOCIAL,40,50,ingresante,1
2025,TRABAJO SOCIAL,60,70,ingresante,2
2025,TRABAJO SOCIAL,60,70,no_ingresante,1
2025,TRABAJO SOCIAL,70,80,ingresante,1
2025,TRABAJO SOCIAL,70,80,no_ingresante,3
2025,TRABAJO SOCIAL,90,100,ingresante,2
2025,TRABAJO SOCIAL,90,100,no_ingresante,3
2025,TRABAJO SOCIAL,100,110,no_ingresante,3
2025,TRABAJO SOCIAL,110,120,ingresante,2
2025,TRABAJO SOCIAL,110,120,no_ingresante,1
2025,TRABAJO SOCIAL,120,130,ingresante,4
2025,TRABAJO SOCIAL,120,130,no_ingresante,1
2025,TRABAJO SOCIAL,130,140,ingresante,3
2025,TRABAJO SOCIAL,130,140,no_ingresante,3
2025,TRABAJO SOCIAL,140,150,ingresante,4
2025,TRABAJO SOCIAL,140,150,no_ingresante,2
2025,TRABAJO SOCIAL,150,160,ingresante,5
2025,TRABAJO SOCIAL,150,160,no_ingresante,1
2025,TRABAJO SOCIAL,160,170,ingresante,2
2025,TRABAJO SOCIAL,160,170,no_ingresante,3
2025,TRABAJO SOCIAL,170,180,ingresante,4
2025,TRABAJO SOCIAL,170,180,no_ingresante,3
2025,TRABAJO SOCIAL,180,190,no_ingresante,1
2025,TRABAJO SOCIAL,190,200,ingresante,1
2025,TRABAJO SOCIAL,200,210,ingresante,4
2025,TRABAJO SOCIAL,210,220,ingresante,11
2025,TRABAJO SOCIAL,220,230,ingresante,6
2025,TRABAJO SOCIAL,230,240,ingresante,9
2025,TRABAJO SOCIAL,240,250,ingresante,14
2025,TRABAJO SOCIAL,250,260,ingresante,6
2025,TRABAJO SOCIAL,260,270,ingresante,5
2025,TRABAJO SOCIAL,270,280,ingresante,3
2025,TURISMO Y GASTRONOMIA,70,80,no_ingresante,2
2025,TURISMO Y GASTRONOMIA,90,100,ingresante,2
2025,TURISMO Y GASTRONOMIA,90,100,no_ingresante,1
2025,TURISMO Y GASTRONOMIA,100,110,ingresante,3
2025,TURISMO Y GASTRONOMIA,120,130,ingresante,1
2025,TURISMO Y GASTRONOMIA,120,130,no_ingresante,3
2025,TURISMO Y GASTRONOMIA,130,140,no_ingresante,2
2025,TURISMO Y GASTRONOMIA,140,150,ingresante,2
2025,TURISMO Y GASTRONOMIA,150,160,ingresante,1
2025,TURISMO Y GASTRONOMIA,150,160,no_ingresante,1
2025,TURISMO Y GASTRONOMIA,160,170,ingresante,5
2025,TURISMO Y GASTRONOMIA,170,180,no_ingresante,2
2025,TURISMO Y GASTRONOMIA,180,190,ingresante,5
2025,TURISMO Y GASTRONOMIA,190,200,ingresante,3
2025,TURISMO Y GASTRONOMIA,200,210,ingresante,1
2025,TURISMO Y GASTRONOMIA,210,220,ingresante,5
2025,TURISMO Y GASTRONOMIA,220,230,ingresante,5
2025,TURISMO Y GASTRONOMIA,230,240,ingresante,2
2025,TURISMO Y GASTRONOMIA,240,250,ingresante,2
2025,TURISMO Y GASTRONOMIA,250,260,ingresante,6
2025,TURISMO Y GASTRONOMIA,260,270,ingresante,1
2025,TURISMO Y GASTRONOMIA,270,280,ingresante,2
2025,TURISMO Y GASTRONOMIA,280,290,ingresante,1
2026,ADMINISTRACION DE EMPRESAS,80,90,ingresante,5
2026,ADMINISTRACION DE EMPRESAS,90,100,ingresante,8
2026,ADMINISTRACION DE EMPRESAS,100,110,ingresante,17
2026,ADMINISTRACION DE EMPRESAS,110,120,ingresante,32
2026,ADMINISTRACION DE EMPRESAS,120,130,ingresante,23
2026,ADMINISTRACION DE EMPRESAS,130,140,ingresante,19
2026,ADMINISTRACION DE EMPRESAS,140,150,ingresante,13
2026,ADMINISTRACION DE EMPRESAS,150,160,ingresante,7
2026,ADMINISTRACION DE EMPRESAS,160,170,ingresante,3
2026,ADMINISTRACION DE EMPRESAS,170,180,ingresante,1
2026,ADMINISTRACION DE EMPRESAS,180,190,ingresante,1
2026,ADMINISTRACION DE EMPRESAS,190,200,ingresante,1
2026,ADMINISTRACION DE EMPRESAS,200,210,ingresante,1
2026,ADMINISTRACION DE EMPRESAS,210,220,ingresante,2
2026,ADMINISTRACION DE EMPRESAS,220,230,ingresante,4
2026,ADMINISTRACION DE EMPRESAS,240,250,ingresante,5
2026,ADMINISTRACION DE EMPRESAS,250,260,ingresante,5
2026,ADMINISTRACION DE EMPRESAS,260,270,ingresante,4
2026,ADMINISTRACION DE EMPRESAS,270,280,ingresante,2
2026,ADMINISTRACION Y GESTION PUBLICA,70,80,ingresante,1
2026,ADMINISTRACION Y GESTION PUBLICA,90,100,ingresante,1
2026,ADMINISTRACION Y GESTION PUBLICA,150,160,ingresante,1
2026,ADMINISTRACION Y GESTION PUBLICA,190,200,ingresante,2
2026,ADMINISTRACION Y GESTION PUBLICA,200,210,ingresante,1
2026,ADMINISTRACION Y GESTION PUBLICA,210,220,ingresante,1
2026,ADMINISTRACION Y GESTION PUBLICA,220,230,ingresante,1
2026,ADMINISTRACION Y GESTION PUBLICA,240,250,ingresante,2
2026,ADMINISTRACION Y GESTION PUBLICA,250,260,ingresante,1
2026,ADMINISTRACION Y GESTION PUBLICA,260,270,ingresante,3
2026,ADMINISTRACION Y GESTION PUBLICA,270,280,ingresante,10
2026,ADMINISTRACION Y GESTION PUBLICA,280,290,ingresante,1
2026,ADMINISTRACION Y MARKETING,110,120,ingresante,2
2026,ADMINISTRACION Y MARKETING,120,130,ingresante,1
2026,ADMINISTRACION Y MARKETING,150,160,ingresante,2
2026,ADMINISTRACION Y MARKETING,170,180,ingresante,2
2026,ADMINISTRACION Y MARKETING,180,190,ingresante,1
2026,ADMINISTRACION Y MARKETING,190,200,ingresante,1
2026,ADMINISTRACION Y MARKETING,210,220,ingresante,1
2026,ADMINISTRACION Y MARKETING,220,230,ingresante,1
2026,ADMINISTRACION Y MARKETING,240,250,ingresante,2
2026,ADMINISTRACION Y MARKETING,250,260,ingresante,1
2026,ADMINISTRACION Y MARKETING,260,270,ingresante,1
2026,ADMINISTRACION Y MARKETING,270,280,ingresante,3
2026,ADMINISTRACION Y MARKETING,280,290,ingresante,2
2026,ADMINISTRACION Y NEGOCIOS INTERNACIONALES,90,100,ingresante,4
2026,ADMINISTRACION Y NEGOCIOS INTERNACIONALES,100,110,ingresante,2
2026,ADMINISTRACION Y NEGOCIOS INTERNACIONALES,120,130,ingresante,1
2026,ADMINISTRACION Y NEGOCIOS INTERNACIONALES,130,140,ingresante,1
2026,ADMINISTRACION Y NEGOCIOS INTERNACIONALES,140,150,ingresante,1
2026,ADMINISTRACION Y NEGOCIOS INTERNACIONALES,150,160,ingresante,4
2026,ADMINISTRACION Y NEGOCIOS INTERNACIONALES,180,190,ingresante,2
2026,ADMINISTRACION Y NEGOCIOS INTERNACIONALES,190,200,ingresante,3
2026,ADMINISTRACION Y NEGOCIOS INTERNACIONALES,200,210,ingresante,4
2026,ADMINISTRACION Y NEGOCIOS INTERNACIONALES,210,220,ingresante,4
2026,ADMINISTRACION Y NEGOCIOS INTERNACIONALES,220,230,ingresante,3
2026,ADMINISTRACION Y NEGOCIOS INTERNACIONALES,230,240,ingresante,1
2026,ADMINISTRACION Y NEGOCIOS INTERNACIONALES,240,250,ingresante,1
2026,ADMINISTRACION Y NEGOCIOS INTERNACIONALES,250,260,ingresante,4
2026,ADMINISTRACION Y NEGOCIOS INTERNACIONALES,260,270,ingresante,8
2026,ADMINISTRACION Y NEGOCIOS INTERNACIONALES,270,280,ingresante,5
2026,ADMINISTRACION Y NEGOCIOS INTERNACIONALES,280,290,ingresante,4
2026,ARQUITECTURA,80,90,ingresante,1
2026,ARQUITECTURA,90,100,ingresante,10
2026,ARQUITECTURA,100,110,ingresante,20
2026,ARQUITECTURA,110,120,ingresante,40
2026,ARQUITECTURA,120,130,ingresante,25
2026,ARQUITECTURA,130,140,ingresante,14
2026,ARQUITECTURA,140,150,ingresante,12
2026,ARQUITECTURA,150,160,ingresante,3
2026,ARQUITECTURA,160,170,ingresante,2
2026,ARQUITECTURA,200,210,no_ingresante,3
2026,ARQUITECTURA,210,220,no_ingresante,1
2026,ARQUITECTURA,220,230,ingresante,6
2026,ARQUITECTURA,220,230,no_ingresante,4
2026,ARQUITECTURA,230,240,ingresante,5
2026,ARQUITECTURA,240,250,ingresante,4
2026,ARQUITECTURA,250,260,ingresante,5
2026,ARQUITECTURA,260,270,ingresante,8
2026,CIENCIA POLITICA Y GOBIERNO,80,90,ingresante,3
2026,CIENCIA POLITICA Y GOBIERNO,90,100,ingresante,2
2026,CIENCIA POLITICA Y GOBIERNO,100,110,ingresante,4
2026,CIENCIA POLITICA Y GOBIERNO,110,120,ingresante,12
2026,CIENCIA POLITICA Y GOBIERNO,120,130,ingresante,5
2026,CIENCIA POLITICA Y GOBIERNO,130,140,ingresante,3
2026,CIENCIA POLITICA Y GOBIERNO,140,150,ingresante,3
2026,CIENCIA POLITICA Y GOBIERNO,150,160,ingresante,6
2026,CIENCIA POLITICA Y GOBIERNO,160,170,ingresante,4
2026,CIENCIA POLITICA Y GOBIERNO,170,180,ingresante,1
2026,CIENCIA POLITICA Y GOBIERNO,180,190,ingresante,4
2026,CIENCIA POLITICA Y GOBIERNO,210,220,ingresante,1
2026,CIENCIA POLITICA Y GOBIERNO,220,230,ingresante,2
2026,CIENCIA POLITICA Y GOBIERNO,230,240,ingresante,4
2026,CIENCIA POLITICA Y GOBIERNO,240,250,ingresante,3
2026,CIENCIA POLITICA Y GOBIERNO,240,250,no_ingresante,1
2026,CIENCIA POLITICA Y GOBIERNO,250,260,ingresante,4
2026,CIENCIA POLITICA Y GOBIERNO,260,270,ingresante,7
2026,CIENCIA POLITICA Y GOBIERNO,270,280,ingresante,5
2026,CIENCIA POLITICA Y GOBIERNO,280,290,ingresante,3
2026,COMUNICACION SOCIAL,70,80,ingresante,1
2026,COMUNICACION SOCIAL,80,90,ingresante,1
2026,COMUNICACION SOCIAL,90,100,ingresante,1
2026,COMUNICACION SOCIAL,100,110,ingresante,5
2026,COMUNICACION SOCIAL,110,120,ingresante,2
2026,COMUNICACION SOCIAL,120,130,ingresante,4
2026,COMUNICACION SOCIAL,130,140,ingresante,11
2026,COMUNICACION SOCIAL,140,150,ingresante,6
2026,COMUNICACION SOCIAL,150,160,ingresante,4
2026,COMUNICACION SOCIAL,160,170,ingresante,2
2026,COMUNICACION SOCIAL,170,180,ingresante,1
2026,COMUNICACION SOCIAL,190,200,ingresante,1
2026,COMUNICACION SOCIAL,200,210,no_ingresante,1
2026,COMUNICACION SOCIAL,210,220,no_ingresante,2
2026,COMUNICACION SOCIAL,230,240,ingresante,1
2026,COMUNICACION SOCIAL,230,240,no_ingresante,1
2026,COMUNICACION SOCIAL,260,270,ingresante,4
2026,COMUNICACION SOCIAL,270,280,ingresante,1
2026,CONTABILIDAD,60,70,ingresante,1
2026,CONTABILIDAD,80,90,ingresante,1
2026,CONTABILIDAD,90,100,ingresante,2
2026,CONTABILIDAD,100,110,ingresante,8
2026,CONTABILIDAD,110,120,ingresante,9
2026,CONTABILIDAD,120,130,ingresante,4
2026,CONTABILIDAD,130,140,ingresante,8
2026,CONTABILIDAD,140,150,ingresante,9
2026,CONTABILIDAD,150,160,ingresante,3
2026,CONTABILIDAD,160,170,ingresante,3
2026,CONTABILIDAD,170,180,ingresante,4
2026,CONTABILIDAD,180,190,ingresante,1
2026,CONTABILIDAD,190,200,ingresante,2
2026,CONTABILIDAD,200,210,ingresante,4
2026,CONTABILIDAD,210,220,ingresante,3
2026,CONTABILIDAD,220,230,ingresante,5
2026,CONTABILIDAD,230,240,ingresante,3
2026,CONTABILIDAD,250,260,ingresante,3
2026,CONTABILIDAD,260,270,ingresante,7
2026,CONTABILIDAD,270,280,ingresante,11
2026,CONTABILIDAD,280,290,ingresante,6
2026,DERECHO,70,80,ingresante,2
2026,DERECHO,90,100,ingresante,10
2026,DERECHO,100,110,ingresante,15
2026,DERECHO,110,120,ingresante,22
2026,DERECHO,120,130,ingresante,36
2026,DERECHO,130,140,ingresante,50
2026,DERECHO,140,150,ingresante,44
2026,DERECHO,150,160,ingresante,35
2026,DERECHO,160,170,ingresante,23
2026,DERECHO,170,180,ingresante,11
2026,DERECHO,180,190,ingresante,8
2026,DERECHO,190,200,ingresante,2
2026,DERECHO,190,200,no_ingresante,1
2026,DERECHO,200,210,ingresante,3
2026,DERECHO,200,210,no_ingresante,2
2026,DERECHO,210,220,ingresante,3
2026,DERECHO,220,230,ingresante,4
2026,DERECHO,220,230,no_ingresante,4
2026,DERECHO,230,240,ingresante,6
2026,DERECHO,230,240,no_ingresante,3
2026,DERECHO,240,250,ingresante,12
2026,DERECHO,250,260,ingresante,13
2026,DERECHO,260,270,ingresante,9
2026,DERECHO,270,280,ingresante,3
2026,DERECHO,280,290,ingresante,2
2026,DISENO GRAFICO PUBLICITARIO,80,90,ingresante,1
2026,DISENO GRAFICO PUBLICITARIO,150,160,ingresante,1
2026,DISENO GRAFICO PUBLICITARIO,210,220,ingresante,1
2026,DISENO GRAFICO PUBLICITARIO,220,230,ingresante,1
2026,DISENO GRAFICO PUBLICITARIO,230,240,ingresante,2
2026,DISENO GRAFICO PUBLICITARIO,240,250,ingresante,1
2026,DISENO GRAFICO PUBLICITARIO,250,260,ingresante,1
2026,DISENO GRAFICO PUBLICITARIO,260,270,ingresante,6
2026,DISENO GRAFICO PUBLICITARIO,270,280,ingresante,3
2026,DISENO GRAFICO PUBLICITARIO,280,290,ingresante,1
2026,ECONOMIA Y FINANZAS,100,110,ingresante,1
2026,ECONOMIA Y FINANZAS,130,140,ingresante,4
2026,ECONOMIA Y FINANZAS,170,180,ingresante,1
2026,ECONOMIA Y FINANZAS,190,200,ingresante,1
2026,ECONOMIA Y FINANZAS,210,220,ingresante,1
2026,ECONOMIA Y FINANZAS,230,240,ingresante,1
2026,ECONOMIA Y FINANZAS,240,250,ingresante,1
2026,ECONOMIA Y FINANZAS,250,260,ingresante,2
2026,ECONOMIA Y FINANZAS,260,270,ingresante,12
2026,ECONOMIA Y FINANZAS,270,280,ingresante,8
2026,ECONOMIA Y FINANZAS,280,290,ingresante,2
2026,EDUCACION INICIAL,70,80,ingresante,4
2026,EDUCACION INICIAL,80,90,ingresante,2
2026,EDUCACION INICIAL,90,100,ingresante,1
2026,EDUCACION INICIAL,100,110,ingresante,4
2026,EDUCACION INICIAL,110,120,ingresante,11
2026,EDUCACION INICIAL,120,130,ingresante,14
2026,EDUCACION INICIAL,130,140,ingresante,3
2026,EDUCACION INICIAL,140,150,ingresante,3
2026,EDUCACION INICIAL,150,160,ingresante,1
2026,EDUCACION INICIAL,160,170,ingresante,1
2026,EDUCACION INICIAL,170,180,ingresante,1
2026,EDUCACION INICIAL,180,190,ingresante,1
2026,EDUCACION INICIAL,190,200,ingresante,1
2026,EDUCACION INICIAL,220,230,ingresante,1
2026,EDUCACION INICIAL,230,240,ingresante,3
2026,EDUCACION INICIAL,240,250,ingresante,2
2026,EDUCACION INICIAL,250,260,ingresante,4
2026,EDUCACION INICIAL,270,280,ingresante,5
2026,EDUCACION INICIAL,280,290,ingresante,1
2026,EDUCACION PRIMARIA,70,80,ingresante,1
2026,EDUCACION PRIMARIA,130,140,ingresante,1
2026,EDUCACION PRIMARIA,140,150,ingresante,2
2026,EDUCACION PRIMARIA,200,210,ingresante,1
2026,EDUCACION PRIMARIA,210,220,ingresante,1
2026,EDUCACION PRIMARIA,230,240,ingresante,1
2026,EDUCACION PRIMARIA,250,260,ingresante,1
2026,EDUCACION PRIMARIA,260,270,ingresante,3
2026,EDUCACION PRIMARIA,270,280,ingresante,4
2026,EDUCACION SECUNDARIA,50,60,ingresante,1
2026,EDUCACION SECUNDARIA,100,110,ingresante,4
2026,EDUCACION SECUNDARIA,110,120,ingresante,1
2026,EDUCACION SECUNDARIA,140,150,ingresante,1
2026,EDUCACION SECUNDARIA,150,160,ingresante,1
2026,EDUCACION SECUNDARIA,160,170,ingresante,3
2026,EDUCACION SECUNDARIA,170,180,ingresante,1
2026,EDUCACION SECUNDARIA,180,190,ingresante,1
2026,EDUCACION SECUNDARIA,210,220,ingresante,2
2026,EDUCACION SECUNDARIA,220,230,ingresante,4
2026,EDUCACION SECUNDARIA,230,240,ingresante,2
2026,EDUCACION SECUNDARIA,240,250,ingresante,2
2026,EDUCACION SECUNDARIA,250,260,ingresante,1
2026,EDUCACION SECUNDARIA,260,270,ingresante,2
2026,EDUCACION SECUNDARIA,270,280,ingresante,3
2026,EDUCACION SECUNDARIA,280,290,ingresante,1
2026,ENFERMERIA,70,80,ingresante,1
2026,ENFERMERIA,80,90,ingresante,1
2026,ENFERMERIA,90,100,ingresante,1
2026,ENFERMERIA,100,110,ingresante,6
2026,ENFERMERIA,110,120,ingresante,23
2026,ENFERMERIA,120,130,ingresante,27
2026,ENFERMERIA,130,140,ingresante,33
2026,ENFERMERIA,140,150,ingresante,14
2026,ENFERMERIA,150,160,ingresante,12
2026,ENFERMERIA,160,170,ingresante,2
2026,ENFERMERIA,170,180,ingresante,1
2026,ENFERMERIA,190,200,ingresante,1
2026,ENFERMERIA,200,210,no_ingresante,1
2026,ENFERMERIA,210,220,no_ingresante,1
2026,ENFERMERIA,220,230,ingresante,2
2026,ENFERMERIA,220,230,no_ingresante,2
2026,ENFERMERIA,230,240,ingresante,5
2026,ENFERMERIA,230,240,no_ingresante,4
2026,ENFERMERIA,240,250,ingresante,2
2026,ENFERMERIA,250,260,ingresante,5
2026,ENFERMERIA,260,270,ingresante,9
2026,ENFERMERIA,270,280,ingresante,2
2026,ENFERMERIA,280,290,ingresante,3
2026,FARMACIA Y BIOQUIMICA,80,90,ingresante,3
2026,FARMACIA Y BIOQUIMICA,90,100,ingresante,8
2026,FARMACIA Y BIOQUIMICA,100,110,ingresante,15
2026,FARMACIA Y BIOQUIMICA,110,120,ingresante,29
2026,FARMACIA Y BIOQUIMICA,120,130,ingresante,21
2026,FARMACIA Y BIOQUIMICA,130,140,ingresante,12
2026,FARMACIA Y BIOQUIMICA,140,150,ingresante,12
2026,FARMACIA Y BIOQUIMICA,150,160,ingresante,4
2026,FARMACIA Y BIOQUIMICA,160,170,ingresante,1
2026,FARMACIA Y BIOQUIMICA,170,180,ingresante,1
2026,FARMACIA Y BIOQUIMICA,190,200,ingresante,3
2026,FARMACIA Y BIOQUIMICA,210,220,ingresante,4
2026,FARMACIA Y BIOQUIMICA,220,230,ingresante,4
2026,FARMACIA Y BIOQUIMICA,230,240,ingresante,1
2026,FARMACIA Y BIOQUIMICA,240,250,ingresante,2
2026,FARMACIA Y BIOQUIMICA,250,260,ingresante,2
2026,FARMACIA Y BIOQUIMICA,260,270,ingresante,1
2026,FARMACIA Y BIOQUIMICA,280,290,ingresante,1
2026,FARMACIA Y BIOQUIMICA,290,300,ingresante,1
2026,INGENIERIA AGRONOMICA Y AGRICOLA,60,70,ingresante,2
2026,INGENIERIA AGRONOMICA Y AGRICOLA,70,80,ingresante,9
2026,INGENIERIA AGRONOMICA Y AGRICOLA,80,90,ingresante,7
2026,INGENIERIA AGRONOMICA Y AGRICOLA,90,100,ingresante,11
2026,INGENIERIA AGRONOMICA Y AGRICOLA,100,110,ingresante,7
2026,INGENIERIA AGRONOMICA Y AGRICOLA,110,120,ingresante,11
2026,INGENIERIA AGRONOMICA Y AGRICOLA,120,130,ingresante,5
2026,INGENIERIA AGRONOMICA Y AGRICOLA,130,140,ingresante,7
2026,INGENIERIA AGRONOMICA Y AGRICOLA,140,150,ingresante,4
2026,INGENIERIA AGRONOMICA Y AGRICOLA,150,160,ingresante,5
2026,INGENIERIA AGRONOMICA Y AGRICOLA,160,170,ingresante,5
2026,INGENIERIA AGRONOMICA Y AGRICOLA,170,180,ingresante,2
2026,INGENIERIA AGRONOMICA Y AGRICOLA,180,190,ingresante,4
2026,INGENIERIA AGRONOMICA Y AGRICOLA,190,200,ingresante,2
2026,INGENIERIA AGRONOMICA Y AGRICOLA,200,210,ingresante,4
2026,INGENIERIA AGRONOMICA Y AGRICOLA,210,220,ingresante,7
2026,INGENIERIA AGRONOMICA Y AGRICOLA,220,230,ingresante,7
2026,INGENIERIA AGRONOMICA Y AGRICOLA,230,240,ingresante,2
2026,INGENIERIA AGRONOMICA Y AGRICOLA,240,250,ingresante,7
2026,INGENIERIA AGRONOMICA Y AGRICOLA,250,260,ingresante,6
2026,INGENIERIA AGRONOMICA Y AGRICOLA,260,270,ingresante,9
2026,INGENIERIA AGRONOMICA Y AGRICOLA,270,280,ingresante,2
2026,INGENIERIA AMBIENTAL,80,90,ingresante,1
2026,INGENIERIA AMBIENTAL,90,100,ingresante,10
2026,INGENIERIA AMBIENTAL,100,110,ingresante,12
2026,INGENIERIA AMBIENTAL,110,120,ingresante,15
2026,INGENIERIA AMBIENTAL,120,130,ingresante,10
2026,INGENIERIA AMBIENTAL,130,140,ingresante,9
2026,INGENIERIA AMBIENTAL,140,150,ingresante,3
2026,INGENIERIA AMBIENTAL,150,160,ingresante,4
2026,INGENIERIA AMBIENTAL,160,170,ingresante,1
2026,INGENIERIA AMBIENTAL,170,180,ingresante,1
2026,INGENIERIA AMBIENTAL,240,250,ingresante,4
2026,INGENIERIA AMBIENTAL,250,260,ingresante,2
2026,INGENIERIA AMBIENTAL,260,270,ingresante,1
2026,INGENIERIA AMBIENTAL,270,280,ingresante,1
2026,INGENIERIA BIOMEDICA,70,80,ingresante,1
2026,INGENIERIA BIOMEDICA,80,90,ingresante,1
2026,INGENIERIA BIOMEDICA,90,100,ingresante,1
2026,INGENIERIA BIOMEDICA,100,110,ingresante,8
2026,INGENIERIA BIOMEDICA,110,120,ingresante,9
2026,INGENIERIA BIOMEDICA,120,130,ingresante,7
2026,INGENIERIA BIOMEDICA,130,140,ingresante,9
2026,INGENIERIA BIOMEDICA,140,150,ingresante,9
2026,INGENIERIA BIOMEDICA,150,160,ingresante,15
2026,INGENIERIA BIOMEDICA,160,170,ingresante,4
2026,INGENIERIA BIOMEDICA,170,180,ingresante,5
2026,INGENIERIA BIOMEDICA,180,190,ingresante,5
2026,INGENIERIA BIOMEDICA,230,240,ingresante,2
2026,INGENIERIA BIOMEDICA,240,250,ingresante,1
2026,INGENIERIA BIOMEDICA,260,270,ingresante,1
2026,INGENIERIA BIOMEDICA,270,280,ingresante,1
2026,INGENIERIA BIOTECNOLOGICA,100,110,ingresante,6
2026,INGENIERIA BIOTECNOLOGICA,110,120,ingresante,6
2026,INGENIERIA BIOTECNOLOGICA,120,130,ingresante,11
2026,INGENIERIA BIOTECNOLOGICA,130,140,ingresante,12
2026,INGENIERIA BIOTECNOLOGICA,140,150,ingresante,11
2026,INGENIERIA BIOTECNOLOGICA,150,160,ingresante,13
2026,INGENIERIA BIOTECNOLOGICA,160,170,ingresante,7
2026,INGENIERIA BIOTECNOLOGICA,170,180,ingresante,6
2026,INGENIERIA BIOTECNOLOGICA,180,190,ingresante,2
2026,INGENIERIA BIOTECNOLOGICA,200,210,ingresante,1
2026,INGENIERIA BIOTECNOLOGICA,210,220,no_ingresante,1
2026,INGENIERIA BIOTECNOLOGICA,220,230,ingresante,1
2026,INGENIERIA BIOTECNOLOGICA,230,240,ingresante,1
2026,INGENIERIA BIOTECNOLOGICA,230,240,no_ingresante,1
2026,INGENIERIA BIOTECNOLOGICA,240,250,ingresante,3
2026,INGENIERIA BIOTECNOLOGICA,250,260,ingresante,3
2026,INGENIERIA BIOTECNOLOGICA,260,270,ingresante,8
2026,INGENIERIA BIOTECNOLOGICA,270,280,ingresante,3
2026,INGENIERIA BIOTECNOLOGICA,280,290,ingresante,2
2026,INGENIERIA CIVIL,70,80,ingresante,2
2026,INGENIERIA CIVIL,70,80,no_ingresante,1
2026,INGENIERIA CIVIL,80,90,ingresante,3
2026,INGENIERIA CIVIL,90,100,ingresante,7
2026,INGENIERIA CIVIL,100,110,ingresante,24
2026,INGENIERIA CIVIL,110,120,ingresante,34
2026,INGENIERIA CIVIL,120,130,ingresante,25
2026,INGENIERIA CIVIL,130,140,ingresante,25
2026,INGENIERIA CIVIL,140,150,ingresante,14
2026,INGENIERIA CIVIL,150,160,ingresante,8
2026,INGENIERIA CIVIL,160,170,ingresante,3
2026,INGENIERIA CIVIL,170,180,ingresante,3
2026,INGENIERIA CIVIL,180,190,ingresante,2
2026,INGENIERIA CIVIL,190,200,ingresante,3
2026,INGENIERIA CIVIL,200,210,ingresante,2
2026,INGENIERIA CIVIL,210,220,ingresante,2
2026,INGENIERIA CIVIL,210,220,no_ingresante,1
2026,INGENIERIA CIVIL,220,230,ingresante,2
2026,INGENIERIA CIVIL,220,230,no_ingresante,1
2026,INGENIERIA CIVIL,230,240,ingresante,3
2026,INGENIERIA CIVIL,230,240,no_ingresante,2
2026,INGENIERIA CIVIL,240,250,ingresante,4
2026,INGENIERIA CIVIL,240,250,no_ingresante,4
2026,INGENIERIA CIVIL,250,260,ingresante,7
2026,INGENIERIA CIVIL,250,260,no_ingresante,1
2026,INGENIERIA CIVIL,260,270,ingresante,8
2026,INGENIERIA CIVIL,270,280,ingresante,2
2026,INGENIERIA CIVIL,280,290,ingresante,1
2026,INGENIERIA COMERCIAL,70,80,ingresante,2
2026,INGENIERIA COMERCIAL,90,100,ingresante,3
2026,INGENIERIA COMERCIAL,100,110,ingresante,7
2026,INGENIERIA COMERCIAL,110,120,ingresante,21
2026,INGENIERIA COMERCIAL,120,130,ingresante,39
2026,INGENIERIA COMERCIAL,130,140,ingresante,19
2026,INGENIERIA COMERCIAL,140,150,ingresante,17
2026,INGENIERIA COMERCIAL,150,160,ingresante,14
2026,INGENIERIA COMERCIAL,160,170,ingresante,3
2026,INGENIERIA COMERCIAL,170,180,ingresante,9
2026,INGENIERIA COMERCIAL,180,190,ingresante,1
2026,INGENIERIA COMERCIAL,210,220,ingresante,1
2026,INGENIERIA COMERCIAL,220,230,ingresante,2
2026,INGENIERIA COMERCIAL,220,230,no_ingresante,1
2026,INGENIERIA COMERCIAL,230,240,ingresante,3
2026,INGENIERIA COMERCIAL,230,240,no_ingresante,2
2026,INGENIERIA COMERCIAL,240,250,ingresante,3
2026,INGENIERIA COMERCIAL,250,260,ingresante,3
2026,INGENIERIA COMERCIAL,260,270,ingresante,6
2026,INGENIERIA COMERCIAL,270,280,ingresante,1
2026,INGENIERIA COMERCIAL,280,290,ingresante,3
2026,INGENIERIA DE INDUSTRIA ALIMENTARIA,90,100,ingresante,1
2026,INGENIERIA DE INDUSTRIA ALIMENTARIA,100,110,ingresante,1
2026,INGENIERIA DE INDUSTRIA ALIMENTARIA,110,120,ingresante,2
2026,INGENIERIA DE INDUSTRIA ALIMENTARIA,130,140,ingresante,1
2026,INGENIERIA DE INDUSTRIA ALIMENTARIA,150,160,ingresante,3
2026,INGENIERIA DE INDUSTRIA ALIMENTARIA,160,170,ingresante,2
2026,INGENIERIA DE INDUSTRIA ALIMENTARIA,170,180,ingresante,1
2026,INGENIERIA DE INDUSTRIA ALIMENTARIA,200,210,ingresante,1
2026,INGENIERIA DE INDUSTRIA ALIMENTARIA,210,220,ingresante,1
2026,INGENIERIA DE INDUSTRIA ALIMENTARIA,220,230,ingresante,1
2026,INGENIERIA DE INDUSTRIA ALIMENTARIA,250,260,ingresante,1
2026,INGENIERIA DE INDUSTRIA ALIMENTARIA,260,270,ingresante,5
2026,INGENIERIA DE INDUSTRIA ALIMENTARIA,270,280,ingresante,1
2026,INGENIERIA DE MINAS,80,90,ingresante,1
2026,INGENIERIA DE MINAS,90,100,ingresante,1
2026,INGENIERIA DE MINAS,100,110,ingresante,5
2026,INGENIERIA DE MINAS,110,120,ingresante,32
2026,INGENIERIA DE MINAS,120,130,ingresante,27
2026,INGENIERIA DE MINAS,130,140,ingresante,20
2026,INGENIERIA DE MINAS,140,150,ingresante,8
2026,INGENIERIA DE MINAS,150,160,ingresante,6
2026,INGENIERIA DE MINAS,160,170,ingresante,11
2026,INGENIERIA DE MINAS,170,180,ingresante,1
2026,INGENIERIA DE MINAS,180,190,ingresante,1
2026,INGENIERIA DE MINAS,190,200,no_ingresante,2
2026,INGENIERIA DE MINAS,200,210,no_ingresante,3
2026,INGENIERIA DE MINAS,210,220,no_ingresante,2
2026,INGENIERIA DE MINAS,220,230,ingresante,1
2026,INGENIERIA DE MINAS,220,230,no_ingresante,1
2026,INGENIERIA DE MINAS,230,240,ingresante,3
2026,INGENIERIA DE MINAS,230,240,no_ingresante,1
2026,INGENIERIA DE MINAS,240,250,ingresante,5
2026,INGENIERIA DE MINAS,250,260,ingresante,7
2026,INGENIERIA DE MINAS,260,270,ingresante,6
2026,INGENIERIA DE MINAS,270,280,ingresante,1
2026,INGENIERIA DE MINAS,280,290,ingresante,1
2026,INGENIERIA DE SEGURIDAD INDUSTRIAL Y MINERA,70,80,ingresante,1
2026,INGENIERIA DE SEGURIDAD INDUSTRIAL Y MINERA,80,90,ingresante,1
2026,INGENIERIA DE SEGURIDAD INDUSTRIAL Y MINERA,90,100,ingresante,2
2026,INGENIERIA DE SEGURIDAD INDUSTRIAL Y MINERA,100,110,ingresante,3
2026,INGENIERIA DE SEGURIDAD INDUSTRIAL Y MINERA,110,120,ingresante,1
2026,INGENIERIA DE SEGURIDAD INDUSTRIAL Y MINERA,120,130,ingresante,1
2026,INGENIERIA DE SEGURIDAD INDUSTRIAL Y MINERA,130,140,ingresante,2
2026,INGENIERIA DE SEGURIDAD INDUSTRIAL Y MINERA,140,150,ingresante,2
2026,INGENIERIA DE SEGURIDAD INDUSTRIAL Y MINERA,150,160,ingresante,2
2026,INGENIERIA DE SEGURIDAD INDUSTRIAL Y MINERA,160,170,ingresante,2
2026,INGENIERIA DE SEGURIDAD INDUSTRIAL Y MINERA,180,190,ingresante,1
2026,INGENIERIA DE SEGURIDAD INDUSTRIAL Y MINERA,190,200,ingresante,4
2026,INGENIERIA DE SEGURIDAD INDUSTRIAL Y MINERA,200,210,ingresante,4
2026,INGENIERIA DE SEGURIDAD INDUSTRIAL Y MINERA,210,220,ingresante,4
2026,INGENIERIA DE SEGURIDAD INDUSTRIAL Y MINERA,220,230,ingresante,5
2026,INGENIERIA DE SEGURIDAD INDUSTRIAL Y MINERA,230,240,ingresante,5
2026,INGENIERIA DE SEGURIDAD INDUSTRIAL Y MINERA,240,250,ingresante,7
2026,INGENIERIA DE SEGURIDAD INDUSTRIAL Y MINERA,250,260,ingresante,6
2026,INGENIERIA DE SEGURIDAD INDUSTRIAL Y MINERA,260,270,ingresante,10
2026,INGENIERIA DE SEGURIDAD INDUSTRIAL Y MINERA,270,280,ingresante,43
2026,INGENIERIA DE SEGURIDAD INDUSTRIAL Y MINERA,280,290,ingresante,13
2026,INGENIERIA DE SEGURIDAD INDUSTRIAL Y MINERA,290,300,ingresante,1
2026,INGENIERIA DE SISTEMAS,70,80,ingresante,2
2026,INGENIERIA DE SISTEMAS,80,90,ingresante,3
2026,INGENIERIA DE SISTEMAS,90,100,ingresante,10
2026,INGENIERIA DE SISTEMAS,100,110,ingresante,17
2026,INGENIERIA DE SISTEMAS,110,120,ingresante,42
2026,INGENIERIA DE SISTEMAS,120,130,ingresante,31
2026,INGENIERIA DE SISTEMAS,130,140,ingresante,23
2026,INGENIERIA DE SISTEMAS,140,150,ingresante,14
2026,INGENIERIA DE SISTEMAS,150,160,ingresante,6
2026,INGENIERIA DE SISTEMAS,160,170,ingresante,2
2026,INGENIERIA DE SISTEMAS,170,180,ingresante,2
2026,INGENIERIA DE SISTEMAS,180,190,ingresante,1
2026,INGENIERIA DE SISTEMAS,190,200,ingresante,1
2026,INGENIERIA DE SISTEMAS,200,210,ingresante,1
2026,INGENIERIA DE SISTEMAS,200,210,no_ingresante,1
2026,INGENIERIA DE SISTEMAS,210,220,ingresante,1
2026,INGENIERIA DE SISTEMAS,210,220,no_ingresante,2
2026,INGENIERIA DE SISTEMAS,220,230,ingresante,2
2026,INGENIERIA DE SISTEMAS,220,230,no_ingresante,5
2026,INGENIERIA DE SISTEMAS,230,240,ingresante,5
2026,INGENIERIA DE SISTEMAS,230,240,no_ingresante,3
2026,INGENIERIA DE SISTEMAS,240,250,ingresante,8
2026,INGENIERIA DE SISTEMAS,250,260,ingresante,3
2026,INGENIERIA DE SISTEMAS,260,270,ingresante,5
2026,INGENIERIA DE SISTEMAS,280,290,ingresante,1
2026,INGENIERIA EN INTELIGENCIA ARTIFICIAL,80,90,ingresante,1
2026,INGENIERIA EN INTELIGENCIA ARTIFICIAL,90,100,ingresante,4
2026,INGENIERIA EN INTELIGENCIA ARTIFICIAL,100,110,ingresante,7
2026,INGENIERIA EN INTELIGENCIA ARTIFICIAL,110,120,ingresante,9
2026,INGENIERIA EN INTELIGENCIA ARTIFICIAL,120,130,ingresante,7
2026,INGENIERIA EN INTELIGENCIA ARTIFICIAL,130,140,ingresante,7
2026,INGENIERIA EN INTELIGENCIA ARTIFICIAL,140,150,ingresante,3
2026,INGENIERIA EN INTELIGENCIA ARTIFICIAL,150,160,ingresante,3
2026,INGENIERIA EN INTELIGENCIA ARTIFICIAL,160,170,ingresante,1
2026,INGENIERIA EN INTELIGENCIA ARTIFICIAL,170,180,ingresante,3
2026,INGENIERIA EN INTELIGENCIA ARTIFICIAL,220,230,ingresante,2
2026,INGENIERIA EN INTELIGENCIA ARTIFICIAL,260,270,ingresante,1
2026,INGENIERIA INDUSTRIAL,80,90,ingresante,5
2026,INGENIERIA INDUSTRIAL,90,100,ingresante,5
2026,INGENIERIA INDUSTRIAL,100,110,ingresante,18
2026,INGENIERIA INDUSTRIAL,110,120,ingresante,48
2026,INGENIERIA INDUSTRIAL,120,130,ingresante,57
2026,INGENIERIA INDUSTRIAL,130,140,ingresante,31
2026,INGENIERIA INDUSTRIAL,140,150,ingresante,24
2026,INGENIERIA INDUSTRIAL,150,160,ingresante,15
2026,INGENIERIA INDUSTRIAL,160,170,ingresante,6
2026,INGENIERIA INDUSTRIAL,170,180,ingresante,3
2026,INGENIERIA INDUSTRIAL,200,210,ingresante,1
2026,INGENIERIA INDUSTRIAL,200,210,no_ingresante,1
2026,INGENIERIA INDUSTRIAL,210,220,ingresante,1
2026,INGENIERIA INDUSTRIAL,220,230,ingresante,2
2026,INGENIERIA INDUSTRIAL,220,230,no_ingresante,3
2026,INGENIERIA INDUSTRIAL,230,240,ingresante,8
2026,INGENIERIA INDUSTRIAL,230,240,no_ingresante,2
2026,INGENIERIA INDUSTRIAL,240,250,ingresante,12
2026,INGENIERIA INDUSTRIAL,250,260,ingresante,14
2026,INGENIERIA INDUSTRIAL,260,270,ingresante,13
2026,INGENIERIA INDUSTRIAL,270,280,ingresante,3
2026,INGENIERIA INDUSTRIAL,280,290,ingresante,1
2026,INGENIERIA MECANICA,80,90,ingresante,1
2026,INGENIERIA MECANICA,90,100,ingresante,1
2026,INGENIERIA MECANICA,100,110,ingresante,4
2026,INGENIERIA MECANICA,110,120,ingresante,12
2026,INGENIERIA MECANICA,120,130,ingresante,19
2026,INGENIERIA MECANICA,130,140,ingresante,12
2026,INGENIERIA MECANICA,140,150,ingresante,9
2026,INGENIERIA MECANICA,150,160,ingresante,7
2026,INGENIERIA MECANICA,160,170,ingresante,1
2026,INGENIERIA MECANICA,170,180,ingresante,4
2026,INGENIERIA MECANICA,220,230,ingresante,3
2026,INGENIERIA MECANICA,230,240,ingresante,3
2026,INGENIERIA MECANICA,240,250,ingresante,5
2026,INGENIERIA MECANICA,250,260,ingresante,1
2026,INGENIERIA MECANICA,260,270,ingresante,1
2026,INGENIERIA MECANICA,270,280,ingresante,2
2026,INGENIERIA MECANICA ELECTRICA,70,80,ingresante,1
2026,INGENIERIA MECANICA ELECTRICA,90,100,ingresante,2
2026,INGENIERIA MECANICA ELECTRICA,100,110,ingresante,7
2026,INGENIERIA MECANICA ELECTRICA,110,120,ingresante,8
2026,INGENIERIA MECANICA ELECTRICA,120,130,ingresante,9
2026,INGENIERIA MECANICA ELECTRICA,130,140,ingresante,3
2026,INGENIERIA MECANICA ELECTRICA,140,150,ingresante,5
2026,INGENIERIA MECANICA ELECTRICA,160,170,ingresante,3
2026,INGENIERIA MECANICA ELECTRICA,230,240,ingresante,2
2026,INGENIERIA MECANICA ELECTRICA,230,240,no_ingresante,1
2026,INGENIERIA MECANICA ELECTRICA,250,260,ingresante,2
2026,INGENIERIA MECANICA ELECTRICA,260,270,ingresante,1
2026,INGENIERIA MECANICA ELECTRICA,270,280,ingresante,2
2026,INGENIERIA MECATRONICA,90,100,ingresante,1
2026,INGENIERIA MECATRONICA,90,100,no_ingresante,1
2026,INGENIERIA MECATRONICA,100,110,ingresante,4
2026,INGENIERIA MECATRONICA,110,120,ingresante,8
2026,INGENIERIA MECATRONICA,120,130,ingresante,10
2026,INGENIERIA MECATRONICA,130,140,ingresante,17
2026,INGENIERIA MECATRONICA,140,150,ingresante,13
2026,INGENIERIA MECATRONICA,150,160,ingresante,5
2026,INGENIERIA MECATRONICA,160,170,ingresante,5
2026,INGENIERIA MECATRONICA,170,180,ingresante,3
2026,INGENIERIA MECATRONICA,180,190,ingresante,2
2026,INGENIERIA MECATRONICA,190,200,ingresante,1
2026,INGENIERIA MECATRONICA,210,220,no_ingresante,1
2026,INGENIERIA MECATRONICA,220,230,ingresante,1
2026,INGENIERIA MECATRONICA,230,240,no_ingresante,1
2026,INGENIERIA MECATRONICA,240,250,ingresante,7
2026,INGENIERIA MECATRONICA,240,250,no_ingresante,2
2026,INGENIERIA MECATRONICA,250,260,ingresante,6
2026,INGENIERIA MECATRONICA,260,270,ingresante,2
2026,INGENIERIA MECATRONICA,270,280,ingresante,4
2026,MEDICINA HUMANA,30,40,no_ingresante,1
2026,MEDICINA HUMANA,40,50,no_ingresante,3
2026,MEDICINA HUMANA,50,60,no_ingresante,4
2026,MEDICINA HUMANA,60,70,no_ingresante,10
2026,MEDICINA HUMANA,70,80,no_ingresante,32
2026,MEDICINA HUMANA,80,90,no_ingresante,29
2026,MEDICINA HUMANA,90,100,no_ingresante,33
2026,MEDICINA HUMANA,100,110,no_ingresante,75
2026,MEDICINA HUMANA,110,120,no_ingresante,58
2026,MEDICINA HUMANA,120,130,no_ingresante,44
2026,MEDICINA HUMANA,130,140,ingresante,1
2026,MEDICINA HUMANA,130,140,no_ingresante,47
2026,MEDICINA HUMANA,140,150,ingresante,4
2026,MEDICINA HUMANA,140,150,no_ingresante,24
2026,MEDICINA HUMANA,150,160,ingresante,9
2026,MEDICINA HUMANA,150,160,no_ingresante,15
2026,MEDICINA HUMANA,160,170,ingresante,13
2026,MEDICINA HUMANA,160,170,no_ingresante,7
2026,MEDICINA HUMANA,170,180,ingresante,38
2026,MEDICINA HUMANA,180,190,ingresante,33
2026,MEDICINA HUMANA,190,200,ingresante,36
2026,MEDICINA HUMANA,200,210,ingresante,20
2026,MEDICINA HUMANA,210,220,ingresante,8
2026,MEDICINA HUMANA,220,230,ingresante,2
2026,MEDICINA HUMANA,230,240,ingresante,1
2026,MEDICINA HUMANA,240,250,ingresante,1
2026,MEDICINA VETERINARIA Y ZOOTECNIA,70,80,ingresante,2
2026,MEDICINA VETERINARIA Y ZOOTECNIA,80,90,ingresante,3
2026,MEDICINA VETERINARIA Y ZOOTECNIA,90,100,ingresante,7
2026,MEDICINA VETERINARIA Y ZOOTECNIA,100,110,ingresante,9
2026,MEDICINA VETERINARIA Y ZOOTECNIA,110,120,ingresante,26
2026,MEDICINA VETERINARIA Y ZOOTECNIA,120,130,ingresante,54
2026,MEDICINA VETERINARIA Y ZOOTECNIA,130,140,ingresante,20
2026,MEDICINA VETERINARIA Y ZOOTECNIA,140,150,ingresante,10
2026,MEDICINA VETERINARIA Y ZOOTECNIA,150,160,ingresante,8
2026,MEDICINA VETERINARIA Y ZOOTECNIA,160,170,ingresante,2
2026,MEDICINA VETERINARIA Y ZOOTECNIA,170,180,ingresante,1
2026,MEDICINA VETERINARIA Y ZOOTECNIA,180,190,ingresante,1
2026,MEDICINA VETERINARIA Y ZOOTECNIA,200,210,ingresante,3
2026,MEDICINA VETERINARIA Y ZOOTECNIA,210,220,ingresante,1
2026,MEDICINA VETERINARIA Y ZOOTECNIA,220,230,ingresante,3
2026,MEDICINA VETERINARIA Y ZOOTECNIA,230,240,ingresante,5
2026,MEDICINA VETERINARIA Y ZOOTECNIA,240,250,ingresante,1
2026,MEDICINA VETERINARIA Y ZOOTECNIA,250,260,ingresante,2
2026,MEDICINA VETERINARIA Y ZOOTECNIA,260,270,ingresante,1
2026,OBSTETRICIA Y PUERICULTURA,70,80,ingresante,1
2026,OBSTETRICIA Y PUERICULTURA,80,90,ingresante,9
2026,OBSTETRICIA Y PUERICULTURA,90,100,ingresante,11
2026,OBSTETRICIA Y PUERICULTURA,100,110,ingresante,11
2026,OBSTETRICIA Y PUERICULTURA,110,120,ingresante,26
2026,OBSTETRICIA Y PUERICULTURA,120,130,ingresante,19
2026,OBSTETRICIA Y PUERICULTURA,130,140,ingresante,9
2026,OBSTETRICIA Y PUERICULTURA,140,150,ingresante,12
2026,OBSTETRICIA Y PUERICULTURA,150,160,ingresante,6
2026,OBSTETRICIA Y PUERICULTURA,160,170,ingresante,1
2026,OBSTETRICIA Y PUERICULTURA,210,220,ingresante,3
2026,OBSTETRICIA Y PUERICULTURA,220,230,ingresante,1
2026,OBSTETRICIA Y PUERICULTURA,230,240,ingresante,2
2026,OBSTETRICIA Y PUERICULTURA,240,250,ingresante,1
2026,OBSTETRICIA Y PUERICULTURA,250,260,ingresante,2
2026,OBSTETRICIA Y PUERICULTURA,260,270,ingresante,1
2026,OBSTETRICIA Y PUERICULTURA,270,280,ingresante,1
2026,ODONTOLOGIA,80,90,ingresante,2
2026,ODONTOLOGIA,90,100,ingresante,1
2026,ODONTOLOGIA,100,110,ingresante,2
2026,ODONTOLOGIA,110,120,ingresante,18
2026,ODONTOLOGIA,120,130,ingresante,38
2026,ODONTOLOGIA,130,140,ingresante,26
2026,ODONTOLOGIA,140,150,ingresante,20
2026,ODONTOLOGIA,150,160,ingresante,9
2026,ODONTOLOGIA,160,170,ingresante,4
2026,ODONTOLOGIA,190,200,ingresante,1
2026,ODONTOLOGIA,200,210,no_ingresante,2
2026,ODONTOLOGIA,210,220,ingresante,2
2026,ODONTOLOGIA,220,230,ingresante,1
2026,ODONTOLOGIA,230,240,ingresante,6
2026,ODONTOLOGIA,240,250,ingresante,7
2026,ODONTOLOGIA,250,260,ingresante,3
2026,ODONTOLOGIA,260,270,ingresante,1
2026,ODONTOLOGIA,270,280,ingresante,3
2026,ODONTOLOGIA,280,290,ingresante,2
2026,PSICOLOGIA,70,80,ingresante,2
2026,PSICOLOGIA,80,90,ingresante,1
2026,PSICOLOGIA,90,100,ingresante,2
2026,PSICOLOGIA,100,110,ingresante,8
2026,PSICOLOGIA,110,120,ingresante,9
2026,PSICOLOGIA,120,130,ingresante,31
2026,PSICOLOGIA,130,140,ingresante,21
2026,PSICOLOGIA,140,150,ingresante,26
2026,PSICOLOGIA,150,160,ingresante,22
2026,PSICOLOGIA,160,170,ingresante,6
2026,PSICOLOGIA,170,180,ingresante,6
2026,PSICOLOGIA,180,190,ingresante,3
2026,PSICOLOGIA,210,220,ingresante,3
2026,PSICOLOGIA,220,230,ingresante,6
2026,PSICOLOGIA,230,240,ingresante,4
2026,PSICOLOGIA,240,250,ingresante,1
2026,PSICOLOGIA,250,260,ingresante,3
2026,PSICOLOGIA,260,270,ingresante,6
2026,PSICOLOGIA,270,280,ingresante,2
2026,PSICOLOGIA,280,290,ingresante,2
2026,PSICOLOGIA,290,300,ingresante,1
2026,PUBLICIDAD Y MULTIMEDIA,90,100,ingresante,6
2026,PUBLICIDAD Y MULTIMEDIA,100,110,ingresante,13
2026,PUBLICIDAD Y MULTIMEDIA,110,120,ingresante,15
2026,PUBLICIDAD Y MULTIMEDIA,120,130,ingresante,22
2026,PUBLICIDAD Y MULTIMEDIA,130,140,ingresante,21
2026,PUBLICIDAD Y MULTIMEDIA,140,150,ingresante,18
2026,PUBLICIDAD Y MULTIMEDIA,150,160,ingresante,4
2026,PUBLICIDAD Y MULTIMEDIA,160,170,ingresante,8
2026,PUBLICIDAD Y MULTIMEDIA,180,190,ingresante,1
2026,PUBLICIDAD Y MULTIMEDIA,190,200,ingresante,3
2026,PUBLICIDAD Y MULTIMEDIA,200,210,ingresante,1
2026,PUBLICIDAD Y MULTIMEDIA,240,250,ingresante,2
2026,PUBLICIDAD Y MULTIMEDIA,250,260,ingresante,3
2026,PUBLICIDAD Y MULTIMEDIA,260,270,ingresante,2
2026,PUBLICIDAD Y MULTIMEDIA,280,290,ingresante,1
2026,TECNOLOGIA MEDICA EN TERAPIA FISICA Y REHABILITACION,80,90,ingresante,2
2026,TECNOLOGIA MEDICA EN TERAPIA FISICA Y REHABILITACION,90,100,ingresante,3
2026,TECNOLOGIA MEDICA EN TERAPIA FISICA Y REHABILITACION,100,110,ingresante,1
2026,TECNOLOGIA MEDICA EN TERAPIA FISICA Y REHABILITACION,110,120,ingresante,3
2026,TECNOLOGIA MEDICA EN TERAPIA FISICA Y REHABILITACION,120,130,ingresante,19
2026,TECNOLOGIA MEDICA EN TERAPIA FISICA Y REHABILITACION,130,140,ingresante,6
2026,TECNOLOGIA MEDICA EN TERAPIA FISICA Y REHABILITACION,140,150,ingresante,8
2026,TECNOLOGIA MEDICA EN TERAPIA FISICA Y REHABILITACION,150,160,ingresante,4
2026,TECNOLOGIA MEDICA EN TERAPIA FISICA Y REHABILITACION,160,170,ingresante,1
2026,TECNOLOGIA MEDICA EN TERAPIA FISICA Y REHABILITACION,190,200,ingresante,1
2026,TECNOLOGIA MEDICA EN TERAPIA FISICA Y REHABILITACION,230,240,ingresante,1
2026,TECNOLOGIA MEDICA EN TERAPIA FISICA Y REHABILITACION,230,240,no_ingresante,1
2026,TECNOLOGIA MEDICA EN TERAPIA FISICA Y REHABILITACION,240,250,ingresante,1
2026,TECNOLOGIA MEDICA EN TERAPIA FISICA Y REHABILITACION,240,250,no_ingresante,3
2026,TECNOLOGIA MEDICA EN TERAPIA FISICA Y REHABILITACION,250,260,ingresante,3
2026,TECNOLOGIA MEDICA EN TERAPIA FISICA Y REHABILITACION,260,270,ingresante,4
2026,TEOLOGIA,40,50,ingresante,1
2026,TEOLOGIA,50,60,ingresante,1
2026,TEOLOGIA,70,80,ingresante,1
2026,TEOLOGIA,100,110,ingresante,3
2026,TEOLOGIA,110,120,ingresante,2
2026,TEOLOGIA,120,130,ingresante,1
2026,TEOLOGIA,140,150,ingresante,2
2026,TEOLOGIA,150,160,ingresante,1
2026,TEOLOGIA,160,170,ingresante,1
2026,TEOLOGIA,190,200,ingresante,1
2026,TEOLOGIA,200,210,ingresante,1
2026,TEOLOGIA,210,220,ingresante,1
2026,TEOLOGIA,220,230,ingresante,1
2026,TEOLOGIA,240,250,ingresante,2
2026,TEOLOGIA,250,260,ingresante,1
2026,TEOLOGIA,260,270,ingresante,2
2026,TEOLOGIA,270,280,ingresante,1
2026,TRABAJO SOCIAL,40,50,ingresante,2
2026,TRABAJO SOCIAL,50,60,ingresante,2
2026,TRABAJO SOCIAL,60,70,ingresante,1
2026,TRABAJO SOCIAL,70,80,ingresante,2
2026,TRABAJO SOCIAL,80,90,ingresante,2
2026,TRABAJO SOCIAL,90,100,ingresante,2
2026,TRABAJO SOCIAL,100,110,ingresante,5
2026,TRABAJO SOCIAL,110,120,ingresante,4
2026,TRABAJO SOCIAL,120,130,ingresante,3
2026,TRABAJO SOCIAL,130,140,ingresante,2
2026,TRABAJO SOCIAL,140,150,ingresante,2
2026,TRABAJO SOCIAL,170,180,ingresante,1
2026,TRABAJO SOCIAL,180,190,ingresante,1
2026,TRABAJO SOCIAL,190,200,ingresante,2
2026,TRABAJO SOCIAL,210,220,ingresante,3
2026,TRABAJO SOCIAL,220,230,ingresante,6
2026,TRABAJO SOCIAL,230,240,ingresante,2
2026,TRABAJO SOCIAL,240,250,ingresante,5
2026,TRABAJO SOCIAL,250,260,ingresante,1
2026,TRABAJO SOCIAL,260,270,ingresante,8
2026,TRABAJO SOCIAL,270,280,ingresante,7
2026,TRABAJO SOCIAL,280,290,ingresante,2
2026,TURISMO Y GASTRONOMIA,70,80,ingresante,1
2026,TURISMO Y GASTRONOMIA,90,100,ingresante,1
2026,TURISMO Y GASTRONOMIA,110,120,ingresante,1
2026,TURISMO Y GASTRONOMIA,130,140,ingresante,2
2026,TURISMO Y GASTRONOMIA,150,160,ingresante,2
2026,TURISMO Y GASTRONOMIA,180,190,ingresante,1
2026,TURISMO Y GASTRONOMIA,220,230,ingresante,1
2026,TURISMO Y GASTRONOMIA,230,240,ingresante,1
2026,TURISMO Y GASTRONOMIA,240,250,ingresante,1
2026,TURISMO Y GASTRONOMIA,250,260,ingresante,1
2026,TURISMO Y GASTRONOMIA,260,270,ingresante,2
2026,TURISMO Y GASTRONOMIA,270,280,ingresante,2
2026,TURISMO Y GASTRONOMIA,280,290,ingresante,2
2027,ADMINISTRACION DE EMPRESAS,80,90,ingresante,2
2027,ADMINISTRACION DE EMPRESAS,90,100,ingresante,2
2027,ADMINISTRACION DE EMPRESAS,100,110,ingresante,12
2027,ADMINISTRACION DE EMPRESAS,110,120,ingresante,8
2027,ADMINISTRACION DE EMPRESAS,120,130,ingresante,13
2027,ADMINISTRACION DE EMPRESAS,130,140,ingresante,7
2027,ADMINISTRACION DE EMPRESAS,140,150,ingresante,10
2027,ADMINISTRACION DE EMPRESAS,150,160,ingresante,1
2027,ADMINISTRACION DE EMPRESAS,160,170,ingresante,1
2027,ADMINISTRACION DE EMPRESAS,170,180,ingresante,1
2027,ADMINISTRACION DE EMPRESAS,220,230,ingresante,5
2027,ADMINISTRACION DE EMPRESAS,230,240,ingresante,1
2027,ADMINISTRACION DE EMPRESAS,240,250,ingresante,5
2027,ADMINISTRACION DE EMPRESAS,250,260,ingresante,4
2027,ADMINISTRACION DE EMPRESAS,260,270,ingresante,2
2027,ARQUITECTURA,90,100,ingresante,4
2027,ARQUITECTURA,100,110,ingresante,6
2027,ARQUITECTURA,110,120,ingresante,12
2027,ARQUITECTURA,120,130,ingresante,12
2027,ARQUITECTURA,130,140,ingresante,3
2027,ARQUITECTURA,140,150,ingresante,1
2027,ARQUITECTURA,230,240,ingresante,3
2027,ARQUITECTURA,240,250,ingresante,7
2027,ARQUITECTURA,250,260,ingresante,3
2027,ARQUITECTURA,260,270,ingresante,6
2027,CIENCIA POLITICA Y GOBIERNO,110,120,ingresante,2
2027,CIENCIA POLITICA Y GOBIERNO,120,130,ingresante,1
2027,CIENCIA POLITICA Y GOBIERNO,140,150,ingresante,4
2027,CIENCIA POLITICA Y GOBIERNO,150,160,ingresante,2
2027,CIENCIA POLITICA Y GOBIERNO,160,170,ingresante,1
2027,CIENCIA POLITICA Y GOBIERNO,240,250,ingresante,2
2027,CIENCIA POLITICA Y GOBIERNO,250,260,ingresante,4
2027,CIENCIA POLITICA Y GOBIERNO,260,270,ingresante,1
2027,CIENCIA POLITICA Y GOBIERNO,280,290,ingresante,2
2027,COMUNICACION SOCIAL,100,110,ingresante,1
2027,COMUNICACION SOCIAL,110,120,ingresante,2
2027,COMUNICACION SOCIAL,120,130,ingresante,5
2027,COMUNICACION SOCIAL,130,140,ingresante,3
2027,COMUNICACION SOCIAL,140,150,ingresante,3
2027,COMUNICACION SOCIAL,230,240,ingresante,1
2027,COMUNICACION SOCIAL,240,250,ingresante,2
2027,COMUNICACION SOCIAL,250,260,ingresante,2
2027,COMUNICACION SOCIAL,270,280,ingresante,1
2027,CONTABILIDAD,90,100,ingresante,1
2027,CONTABILIDAD,110,120,ingresante,1
2027,CONTABILIDAD,120,130,ingresante,3
2027,CONTABILIDAD,130,140,ingresante,3
2027,CONTABILIDAD,140,150,ingresante,2
2027,CONTABILIDAD,150,160,ingresante,1
2027,CONTABILIDAD,190,200,ingresante,1
2027,CONTABILIDAD,260,270,ingresante,1
2027,DERECHO,90,100,ingresante,2
2027,DERECHO,100,110,ingresante,8
2027,DERECHO,110,120,ingresante,18
2027,DERECHO,120,130,ingresante,32
2027,DERECHO,130,140,ingresante,20
2027,DERECHO,140,150,ingresante,34
2027,DERECHO,150,160,ingresante,11
2027,DERECHO,160,170,ingresante,12
2027,DERECHO,170,180,ingresante,2
2027,DERECHO,230,240,ingresante,5
2027,DERECHO,240,250,ingresante,9
2027,DERECHO,250,260,ingresante,8
2027,DERECHO,260,270,ingresante,12
2027,DERECHO,270,280,ingresante,10
2027,DERECHO,280,290,ingresante,5
2027,EDUCACION INICIAL,90,100,ingresante,2
2027,EDUCACION INICIAL,100,110,ingresante,1
2027,EDUCACION INICIAL,110,120,ingresante,4
2027,EDUCACION INICIAL,120,130,ingresante,5
2027,EDUCACION INICIAL,130,140,ingresante,1
2027,EDUCACION INICIAL,140,150,ingresante,1
2027,EDUCACION INICIAL,230,240,ingresante,2
2027,EDUCACION INICIAL,250,260,ingresante,2
2027,EDUCACION INICIAL,260,270,ingresante,1
2027,ENFERMERIA,90,100,ingresante,1
2027,ENFERMERIA,100,110,ingresante,7
2027,ENFERMERIA,110,120,ingresante,19
2027,ENFERMERIA,120,130,ingresante,26
2027,ENFERMERIA,130,140,ingresante,10
2027,ENFERMERIA,140,150,ingresante,10
2027,ENFERMERIA,150,160,ingresante,4
2027,ENFERMERIA,160,170,ingresante,2
2027,ENFERMERIA,220,230,ingresante,2
2027,ENFERMERIA,230,240,ingresante,3
2027,ENFERMERIA,240,250,ingresante,2
2027,ENFERMERIA,250,260,ingresante,5
2027,ENFERMERIA,260,270,ingresante,6
2027,ENFERMERIA,270,280,ingresante,1
2027,FARMACIA Y BIOQUIMICA,70,80,ingresante,1
2027,FARMACIA Y BIOQUIMICA,90,100,ingresante,1
2027,FARMACIA Y BIOQUIMICA,100,110,ingresante,7
2027,FARMACIA Y BIOQUIMICA,110,120,ingresante,9
2027,FARMACIA Y BIOQUIMICA,120,130,ingresante,9
2027,FARMACIA Y BIOQUIMICA,130,140,ingresante,2
2027,FARMACIA Y BIOQUIMICA,140,150,ingresante,5
2027,FARMACIA Y BIOQUIMICA,150,160,ingresante,2
2027,FARMACIA Y BIOQUIMICA,230,240,ingresante,2
2027,FARMACIA Y BIOQUIMICA,250,260,ingresante,5
2027,FARMACIA Y BIOQUIMICA,260,270,ingresante,1
2027,FARMACIA Y BIOQUIMICA,280,290,ingresante,1
2027,INGENIERIA AMBIENTAL,90,100,ingresante,2
2027,INGENIERIA AMBIENTAL,100,110,ingresante,2
2027,INGENIERIA AMBIENTAL,110,120,ingresante,2
2027,INGENIERIA AMBIENTAL,120,130,ingresante,2
2027,INGENIERIA AMBIENTAL,130,140,ingresante,1
2027,INGENIERIA AMBIENTAL,150,160,ingresante,1
2027,INGENIERIA AMBIENTAL,240,250,ingresante,1
2027,INGENIERIA AMBIENTAL,260,270,ingresante,2
2027,INGENIERIA BIOMEDICA,70,80,ingresante,1
2027,INGENIERIA BIOMEDICA,90,100,ingresante,1
2027,INGENIERIA BIOMEDICA,100,110,ingresante,4
2027,INGENIERIA BIOMEDICA,110,120,ingresante,3
2027,INGENIERIA BIOMEDICA,120,130,ingresante,7
2027,INGENIERIA BIOMEDICA,130,140,ingresante,3
2027,INGENIERIA BIOMEDICA,140,150,ingresante,4
2027,INGENIERIA BIOMEDICA,220,230,ingresante,1
2027,INGENIERIA BIOMEDICA,230,240,ingresante,2
2027,INGENIERIA BIOMEDICA,240,250,ingresante,1
2027,INGENIERIA BIOMEDICA,280,290,ingresante,1
2027,INGENIERIA BIOMEDICA,290,300,ingresante,1
2027,INGENIERIA BIOTECNOLOGICA,80,90,ingresante,1
2027,INGENIERIA BIOTECNOLOGICA,90,100,ingresante,3
2027,INGENIERIA BIOTECNOLOGICA,100,110,ingresante,2
2027,INGENIERIA BIOTECNOLOGICA,110,120,ingresante,4
2027,INGENIERIA BIOTECNOLOGICA,120,130,ingresante,4
2027,INGENIERIA BIOTECNOLOGICA,130,140,ingresante,9
2027,INGENIERIA BIOTECNOLOGICA,140,150,ingresante,3
2027,INGENIERIA BIOTECNOLOGICA,150,160,ingresante,1
2027,INGENIERIA BIOTECNOLOGICA,160,170,ingresante,1
2027,INGENIERIA BIOTECNOLOGICA,240,250,ingresante,2
2027,INGENIERIA BIOTECNOLOGICA,250,260,ingresante,1
2027,INGENIERIA BIOTECNOLOGICA,260,270,ingresante,5
2027,INGENIERIA BIOTECNOLOGICA,270,280,ingresante,3
2027,INGENIERIA CIVIL,70,80,ingresante,1
2027,INGENIERIA CIVIL,80,90,ingresante,1
2027,INGENIERIA CIVIL,90,100,ingresante,7
2027,INGENIERIA CIVIL,100,110,ingresante,8
2027,INGENIERIA CIVIL,110,120,ingresante,10
2027,INGENIERIA CIVIL,120,130,ingresante,11
2027,INGENIERIA CIVIL,130,140,ingresante,8
2027,INGENIERIA CIVIL,140,150,ingresante,5
2027,INGENIERIA CIVIL,150,160,ingresante,1
2027,INGENIERIA CIVIL,190,200,ingresante,1
2027,INGENIERIA CIVIL,220,230,ingresante,2
2027,INGENIERIA CIVIL,240,250,ingresante,4
2027,INGENIERIA CIVIL,250,260,ingresante,7
2027,INGENIERIA CIVIL,260,270,ingresante,9
2027,INGENIERIA CIVIL,270,280,ingresante,5
2027,INGENIERIA COMERCIAL,80,90,ingresante,1
2027,INGENIERIA COMERCIAL,100,110,ingresante,2
2027,INGENIERIA COMERCIAL,110,120,ingresante,6
2027,INGENIERIA COMERCIAL,120,130,ingresante,14
2027,INGENIERIA COMERCIAL,130,140,ingresante,16
2027,INGENIERIA COMERCIAL,140,150,ingresante,7
2027,INGENIERIA COMERCIAL,150,160,ingresante,6
2027,INGENIERIA COMERCIAL,170,180,ingresante,1
2027,INGENIERIA COMERCIAL,180,190,ingresante,1
2027,INGENIERIA COMERCIAL,200,210,ingresante,2
2027,INGENIERIA COMERCIAL,210,220,ingresante,1
2027,INGENIERIA COMERCIAL,240,250,ingresante,4
2027,INGENIERIA COMERCIAL,250,260,ingresante,4
2027,INGENIERIA COMERCIAL,260,270,ingresante,3
2027,INGENIERIA COMERCIAL,270,280,ingresante,2
2027,INGENIERIA DE MINAS,80,90,ingresante,1
2027,INGENIERIA DE MINAS,90,100,ingresante,6
2027,INGENIERIA DE MINAS,100,110,ingresante,16
2027,INGENIERIA DE MINAS,110,120,ingresante,12
2027,INGENIERIA DE MINAS,120,130,ingresante,16
2027,INGENIERIA DE MINAS,130,140,ingresante,13
2027,INGENIERIA DE MINAS,140,150,ingresante,5
2027,INGENIERIA DE MINAS,150,160,ingresante,2
2027,INGENIERIA DE MINAS,210,220,ingresante,1
2027,INGENIERIA DE MINAS,220,230,ingresante,4
2027,INGENIERIA DE MINAS,230,240,ingresante,3
2027,INGENIERIA DE MINAS,240,250,ingresante,4
2027,INGENIERIA DE MINAS,250,260,ingresante,1
2027,INGENIERIA DE MINAS,260,270,ingresante,7
2027,INGENIERIA DE MINAS,270,280,ingresante,2
2027,INGENIERIA DE SISTEMAS,80,90,ingresante,2
2027,INGENIERIA DE SISTEMAS,90,100,ingresante,5
2027,INGENIERIA DE SISTEMAS,100,110,ingresante,15
2027,INGENIERIA DE SISTEMAS,110,120,ingresante,16
2027,INGENIERIA DE SISTEMAS,120,130,ingresante,16
2027,INGENIERIA DE SISTEMAS,130,140,ingresante,11
2027,INGENIERIA DE SISTEMAS,140,150,ingresante,5
2027,INGENIERIA DE SISTEMAS,150,160,ingresante,2
2027,INGENIERIA DE SISTEMAS,170,180,ingresante,1
2027,INGENIERIA DE SISTEMAS,200,210,ingresante,1
2027,INGENIERIA DE SISTEMAS,220,230,ingresante,3
2027,INGENIERIA DE SISTEMAS,230,240,ingresante,2
2027,INGENIERIA DE SISTEMAS,240,250,ingresante,10
2027,INGENIERIA DE SISTEMAS,250,260,ingresante,6
2027,INGENIERIA DE SISTEMAS,260,270,ingresante,3
2027,INGENIERIA DE SISTEMAS,270,280,ingresante,2
2027,INGENIERIA EN INTELIGENCIA ARTIFICIAL,90,100,ingresante,2
2027,INGENIERIA EN INTELIGENCIA ARTIFICIAL,100,110,ingresante,3
2027,INGENIERIA EN INTELIGENCIA ARTIFICIAL,120,130,ingresante,5
2027,INGENIERIA EN INTELIGENCIA ARTIFICIAL,130,140,ingresante,2
2027,INGENIERIA EN INTELIGENCIA ARTIFICIAL,140,150,ingresante,2
2027,INGENIERIA EN INTELIGENCIA ARTIFICIAL,150,160,ingresante,1
2027,INGENIERIA EN INTELIGENCIA ARTIFICIAL,240,250,ingresante,1
2027,INGENIERIA EN INTELIGENCIA ARTIFICIAL,250,260,ingresante,2
2027,INGENIERIA EN INTELIGENCIA ARTIFICIAL,260,270,ingresante,2
2027,INGENIERIA INDUSTRIAL,80,90,ingresante,2
2027,INGENIERIA INDUSTRIAL,90,100,ingresante,9
2027,INGENIERIA INDUSTRIAL,100,110,ingresante,22
2027,INGENIERIA INDUSTRIAL,110,120,ingresante,23
2027,INGENIERIA INDUSTRIAL,120,130,ingresante,24
2027,INGENIERIA INDUSTRIAL,130,140,ingresante,12
2027,INGENIERIA INDUSTRIAL,140,150,ingresante,7
2027,INGENIERIA INDUSTRIAL,150,160,ingresante,1
2027,INGENIERIA INDUSTRIAL,160,170,ingresante,2
2027,INGENIERIA INDUSTRIAL,220,230,ingresante,6
2027,INGENIERIA INDUSTRIAL,230,240,ingresante,5
2027,INGENIERIA INDUSTRIAL,240,250,ingresante,13
2027,INGENIERIA INDUSTRIAL,250,260,ingresante,11
2027,INGENIERIA INDUSTRIAL,260,270,ingresante,3
2027,INGENIERIA INDUSTRIAL,270,280,ingresante,1
2027,INGENIERIA INDUSTRIAL,280,290,ingresante,2
2027,INGENIERIA MECANICA,80,90,ingresante,2
2027,INGENIERIA MECANICA,90,100,ingresante,2
2027,INGENIERIA MECANICA,100,110,ingresante,12
2027,INGENIERIA MECANICA,110,120,ingresante,15
2027,INGENIERIA MECANICA,120,130,ingresante,7
2027,INGENIERIA MECANICA,130,140,ingresante,2
2027,INGENIERIA MECANICA,140,150,ingresante,2
2027,INGENIERIA MECANICA,250,260,ingresante,7
2027,INGENIERIA MECANICA,260,270,ingresante,3
2027,INGENIERIA MECANICA,270,280,ingresante,2
2027,INGENIERIA MECANICA ELECTRICA,70,80,ingresante,1
2027,INGENIERIA MECANICA ELECTRICA,100,110,ingresante,3
2027,INGENIERIA MECANICA ELECTRICA,110,120,ingresante,5
2027,INGENIERIA MECANICA ELECTRICA,120,130,ingresante,3
2027,INGENIERIA MECANICA ELECTRICA,130,140,ingresante,1
2027,INGENIERIA MECANICA ELECTRICA,240,250,ingresante,1
2027,INGENIERIA MECANICA ELECTRICA,250,260,ingresante,1
2027,INGENIERIA MECANICA ELECTRICA,260,270,ingresante,1
2027,INGENIERIA MECATRONICA,100,110,ingresante,4
2027,INGENIERIA MECATRONICA,110,120,ingresante,5
2027,INGENIERIA MECATRONICA,120,130,ingresante,15
2027,INGENIERIA MECATRONICA,130,140,ingresante,9
2027,INGENIERIA MECATRONICA,140,150,ingresante,5
2027,INGENIERIA MECATRONICA,150,160,ingresante,4
2027,INGENIERIA MECATRONICA,160,170,ingresante,1
2027,INGENIERIA MECATRONICA,240,250,ingresante,6
2027,INGENIERIA MECATRONICA,250,260,ingresante,6
2027,INGENIERIA MECATRONICA,260,270,ingresante,1
2027,MEDICINA HUMANA,150,160,ingresante,5
2027,MEDICINA HUMANA,160,170,ingresante,20
2027,MEDICINA HUMANA,170,180,ingresante,24
2027,MEDICINA HUMANA,180,190,ingresante,27
2027,MEDICINA HUMANA,190,200,ingresante,9
2027,MEDICINA HUMANA,210,220,ingresante,1
2027,MEDICINA HUMANA,220,230,ingresante,2
2027,MEDICINA HUMANA,250,260,ingresante,1
2027,MEDICINA VETERINARIA Y ZOOTECNIA,100,110,ingresante,3
2027,MEDICINA VETERINARIA Y ZOOTECNIA,110,120,ingresante,15
2027,MEDICINA VETERINARIA Y ZOOTECNIA,120,130,ingresante,20
2027,MEDICINA VETERINARIA Y ZOOTECNIA,130,140,ingresante,9
2027,MEDICINA VETERINARIA Y ZOOTECNIA,140,150,ingresante,4
2027,MEDICINA VETERINARIA Y ZOOTECNIA,150,160,ingresante,1
2027,MEDICINA VETERINARIA Y ZOOTECNIA,160,170,ingresante,1
2027,MEDICINA VETERINARIA Y ZOOTECNIA,200,210,ingresante,1
2027,MEDICINA VETERINARIA Y ZOOTECNIA,210,220,ingresante,1
2027,MEDICINA VETERINARIA Y ZOOTECNIA,220,230,ingresante,2
2027,MEDICINA VETERINARIA Y ZOOTECNIA,230,240,ingresante,1
2027,MEDICINA VETERINARIA Y ZOOTECNIA,240,250,ingresante,2
2027,MEDICINA VETERINARIA Y ZOOTECNIA,250,260,ingresante,5
2027,MEDICINA VETERINARIA Y ZOOTECNIA,260,270,ingresante,3
2027,MEDICINA VETERINARIA Y ZOOTECNIA,290,300,ingresante,1
2027,OBSTETRICIA Y PUERICULTURA,90,100,ingresante,4
2027,OBSTETRICIA Y PUERICULTURA,100,110,ingresante,8
2027,OBSTETRICIA Y PUERICULTURA,110,120,ingresante,15
2027,OBSTETRICIA Y PUERICULTURA,120,130,ingresante,9
2027,OBSTETRICIA Y PUERICULTURA,130,140,ingresante,5
2027,OBSTETRICIA Y PUERICULTURA,140,150,ingresante,3
2027,OBSTETRICIA Y PUERICULTURA,220,230,ingresante,2
2027,OBSTETRICIA Y PUERICULTURA,230,240,ingresante,1
2027,OBSTETRICIA Y PUERICULTURA,250,260,ingresante,1
2027,ODONTOLOGIA,100,110,ingresante,2
2027,ODONTOLOGIA,110,120,ingresante,2
2027,ODONTOLOGIA,120,130,ingresante,12
2027,ODONTOLOGIA,130,140,ingresante,28
2027,ODONTOLOGIA,140,150,ingresante,7
2027,ODONTOLOGIA,150,160,ingresante,5
2027,ODONTOLOGIA,160,170,ingresante,1
2027,ODONTOLOGIA,170,180,ingresante,1
2027,ODONTOLOGIA,220,230,ingresante,1
2027,ODONTOLOGIA,230,240,ingresante,5
2027,ODONTOLOGIA,240,250,ingresante,2
2027,ODONTOLOGIA,250,260,ingresante,1
2027,ODONTOLOGIA,260,270,ingresante,6
2027,ODONTOLOGIA,270,280,ingresante,3
2027,PSICOLOGIA,80,90,ingresante,1
2027,PSICOLOGIA,100,110,ingresante,3
2027,PSICOLOGIA,110,120,ingresante,10
2027,PSICOLOGIA,120,130,ingresante,15
2027,PSICOLOGIA,130,140,ingresante,21
2027,PSICOLOGIA,140,150,ingresante,11
2027,PSICOLOGIA,150,160,ingresante,3
2027,PSICOLOGIA,160,170,ingresante,2
2027,PSICOLOGIA,170,180,ingresante,1
2027,PSICOLOGIA,180,190,ingresante,2
2027,PSICOLOGIA,200,210,ingresante,1
2027,PSICOLOGIA,220,230,ingresante,8
2027,PSICOLOGIA,230,240,ingresante,1
2027,PSICOLOGIA,240,250,ingresante,2
2027,PSICOLOGIA,250,260,ingresante,2
2027,PSICOLOGIA,260,270,ingresante,5
2027,PSICOLOGIA,270,280,ingresante,3
2027,PSICOLOGIA,280,290,ingresante,1
2027,PUBLICIDAD Y MULTIMEDIA,70,80,ingresante,1
2027,PUBLICIDAD Y MULTIMEDIA,90,100,ingresante,1
2027,PUBLICIDAD Y MULTIMEDIA,100,110,ingresante,3
2027,PUBLICIDAD Y MULTIMEDIA,110,120,ingresante,9
2027,PUBLICIDAD Y MULTIMEDIA,120,130,ingresante,5
2027,PUBLICIDAD Y MULTIMEDIA,130,140,ingresante,9
2027,PUBLICIDAD Y MULTIMEDIA,140,150,ingresante,7
2027,PUBLICIDAD Y MULTIMEDIA,150,160,ingresante,2
2027,PUBLICIDAD Y MULTIMEDIA,170,180,ingresante,1
2027,PUBLICIDAD Y MULTIMEDIA,220,230,ingresante,2
2027,PUBLICIDAD Y MULTIMEDIA,230,240,ingresante,1
2027,PUBLICIDAD Y MULTIMEDIA,240,250,ingresante,2
2027,PUBLICIDAD Y MULTIMEDIA,250,260,ingresante,3
2027,PUBLICIDAD Y MULTIMEDIA,260,270,ingresante,2
2027,TECNOLOGIA MEDICA EN TERAPIA FISICA Y REHABILITACION,100,110,ingresante,1
2027,TECNOLOGIA MEDICA EN TERAPIA FISICA Y REHABILITACION,110,120,ingresante,2
2027,TECNOLOGIA MEDICA EN TERAPIA FISICA Y REHABILITACION,120,130,ingresante,6
2027,TECNOLOGIA MEDICA EN TERAPIA FISICA Y REHABILITACION,130,140,ingresante,7
2027,TECNOLOGIA MEDICA EN TERAPIA FISICA Y REHABILITACION,140,150,ingresante,3
2027,TECNOLOGIA MEDICA EN TERAPIA FISICA Y REHABILITACION,150,160,ingresante,5
2027,TECNOLOGIA MEDICA EN TERAPIA FISICA Y REHABILITACION,230,240,ingresante,2
2027,TECNOLOGIA MEDICA EN TERAPIA FISICA Y REHABILITACION,240,250,ingresante,1
2027,TECNOLOGIA MEDICA EN TERAPIA FISICA Y REHABILITACION,250,260,ingresante,2
